1
0.998023
0.99211
0.982284
0.968584
0.951064
0.929794
0.904856
0.87635
0.844387
0.809095
0.770612
0.72909
0.684693
0.637596
0.587986
0.536057
0.482015
0.426073
0.368452
0.309379
0.249088
0.187815
0.125804
0.0632985
0.000545294
-0.0622079
-0.124713
-0.186724
-0.247996
-0.308288
-0.36736
-0.42498
-0.480921
-0.534962
-0.58689
-0.636499
-0.683595
-0.72799
-0.76951
-0.807992
-0.843283
-0.875243
-0.903748
-0.928683
-0.949952
-0.96747
-0.981167
-0.99099
-0.996901
-0.998875
-0.996905
-0.990999
-0.98118
-0.967487
-0.949974
-0.92871
-0.903778
-0.875278
-0.843322
-0.808036
-0.769559
-0.728043
-0.683652
-0.636561
-0.586956
-0.535033
-0.480996
-0.42506
-0.367444
-0.308376
-0.248089
-0.186822
-0.124815
-0.0623142
0.000434409
0.0631831
0.125684
0.187691
0.248959
0.309246
0.368314
0.425931
0.481868
0.535905
0.587829
0.637435
0.684527
0.728919
0.770436
0.808914
0.844202
0.87616
0.904661
0.929594
0.95086
0.968375
0.98207
0.991891
0.997799
0.999771
1
0.99998
0.999921
0.999822
0.999684
0.999507
0.999289
0.999033
0.998737
0.998402
0.998027
0.997612
0.997159
0.996666
0.996134
0.995562
0.994951
0.994301
0.993611
0.992883
0.992115
0.991308
0.990461
0.989576
0.988652
0.987688
0.986686
0.985645
0.984564
0.983445
0.982287
0.98109
0.979855
0.978581
0.977268
0.975917
0.974527
0.973099
0.971632
0.970127
0.968583
0.967002
0.965382
0.963724
0.962028
0.960294
0.958522
0.956712
0.954865
0.952979
0.951057
0.949096
0.947098
0.945063
0.942991
0.940881
0.938734
0.93655
0.934329
0.932071
0.929777
0.927445
0.925077
0.922673
0.920232
0.917755
0.915241
0.912692
0.910106
0.907485
0.904827
0.902134
0.899406
0.896641
0.893842
0.891007
0.888137
0.885232
0.882292
0.879317
0.876307
0.873263
0.870184
0.867071
0.863924
0.860743
0.857527
0.854278
0.850995
0.847679
0.844329
0.840945
0.837529
0.834079
0.830597
0.827081
0.823533
0.819953
0.81634
0.812695
0.809018
0.805309
0.801568
0.797795
0.793991
0.790156
0.786289
0.782392
0.778463
0.774504
0.770514
0.766494
0.762444
0.758363
0.754252
0.750112
0.745942
0.741743
0.737514
0.733257
0.72897
0.724654
0.72031
0.715938
0.711537
0.707108
0.702651
0.698167
0.693655
0.689115
0.684549
0.679955
0.675334
0.670687
0.666013
0.661313
0.656587
0.651835
0.647058
0.642254
0.637426
0.632572
0.627693
0.62279
0.617861
0.612909
0.607932
0.602931
0.597907
0.592859
0.587787
0.582693
0.577575
0.572434
0.567271
0.562086
0.556878
0.551648
0.546397
0.541124
0.535829
0.530514
0.525177
0.51982
0.514442
0.509044
0.503626
0.498188
0.49273
0.487253
0.481756
0.476241
0.470707
0.465154
0.459583
0.453993
0.448386
0.442761
0.437119
0.431459
0.425782
0.420089
0.414379
0.408652
0.40291
0.397151
0.391377
0.385587
0.379782
0.373962
0.368128
0.362279
0.356415
0.350538
0.344646
0.338741
0.332823
0.326892
0.320947
0.31499
0.309021
0.303039
0.297045
0.29104
0.285023
0.278995
0.272956
0.266906
0.260845
0.254775
0.248694
0.242603
0.236503
0.230394
0.224275
0.218147
0.212011
0.205867
0.199714
0.193554
0.187386
0.18121
0.175027
0.168838
0.162642
0.156439
0.15023
0.144015
0.137795
0.131569
0.125338
0.119102
0.112861
0.106616
0.100367
0.0941132
0.0878561
0.0815956
0.0753318
0.0690651
0.0627956
0.0565237
0.0502495
0.0439733
0.0376954
0.031416
0.0251354
0.0188538
0.0125714
0.00628856
5.45238e-06
-0.00627765
-0.0125605
-0.0188429
-0.0251245
-0.0314051
-0.0376845
-0.0439624
-0.0502386
-0.0565127
-0.0627847
-0.0690542
-0.0753209
-0.0815847
-0.0878452
-0.0941023
-0.100356
-0.106605
-0.11285
-0.119091
-0.125327
-0.131558
-0.137784
-0.144004
-0.150219
-0.156428
-0.162631
-0.168827
-0.175017
-0.181199
-0.187375
-0.193543
-0.199703
-0.205856
-0.212
-0.218136
-0.224264
-0.230383
-0.236492
-0.242592
-0.248683
-0.254764
-0.260834
-0.266895
-0.272945
-0.278984
-0.285012
-0.291029
-0.297034
-0.303028
-0.30901
-0.314979
-0.320936
-0.326881
-0.332812
-0.33873
-0.344635
-0.350527
-0.356404
-0.362268
-0.368117
-0.373952
-0.379771
-0.385576
-0.391366
-0.39714
-0.402899
-0.408641
-0.414368
-0.420078
-0.425771
-0.431448
-0.437108
-0.44275
-0.448375
-0.453982
-0.459572
-0.465143
-0.470696
-0.47623
-0.481745
-0.487242
-0.492719
-0.498177
-0.503615
-0.509033
-0.514431
-0.519809
-0.525166
-0.530503
-0.535818
-0.541113
-0.546386
-0.551637
-0.556867
-0.562075
-0.56726
-0.572423
-0.577564
-0.582682
-0.587776
-0.592848
-0.597896
-0.60292
-0.607921
-0.612898
-0.61785
-0.622779
-0.627682
-0.632561
-0.637415
-0.642243
-0.647047
-0.651824
-0.656576
-0.661302
-0.666002
-0.670676
-0.675323
-0.679944
-0.684538
-0.689104
-0.693644
-0.698156
-0.70264
-0.707097
-0.711526
-0.715927
-0.720299
-0.724643
-0.728959
-0.733246
-0.737503
-0.741732
-0.745931
-0.750101
-0.754241
-0.758352
-0.762433
-0.766483
-0.770503
-0.774493
-0.778452
-0.782381
-0.786278
-0.790145
-0.79398
-0.797784
-0.801557
-0.805298
-0.809007
-0.812684
-0.816329
-0.819942
-0.823522
-0.82707
-0.830586
-0.834068
-0.837518
-0.840934
-0.844317
-0.847667
-0.850984
-0.854267
-0.857516
-0.860731
-0.863913
-0.86706
-0.870173
-0.873252
-0.876296
-0.879306
-0.882281
-0.885221
-0.888126
-0.890996
-0.893831
-0.89663
-0.899394
-0.902123
-0.904816
-0.907474
-0.910095
-0.912681
-0.91523
-0.917744
-0.920221
-0.922662
-0.925066
-0.927434
-0.929766
-0.93206
-0.934318
-0.936539
-0.938723
-0.94087
-0.94298
-0.945052
-0.947087
-0.949085
-0.951045
-0.952968
-0.954853
-0.956701
-0.958511
-0.960283
-0.962017
-0.963713
-0.965371
-0.96699
-0.968572
-0.970115
-0.971621
-0.973087
-0.974516
-0.975906
-0.977257
-0.97857
-0.979844
-0.981079
-0.982276
-0.983434
-0.984553
-0.985633
-0.986675
-0.987677
-0.988641
-0.989565
-0.99045
-0.991296
-0.992103
-0.992871
-0.9936
-0.99429
-0.99494
-0.995551
-0.996122
-0.996655
-0.997148
-0.997601
-0.998015
-0.99839
-0.998726
-0.999022
-0.999278
-0.999495
-0.999673
-0.999811
-0.99991
-0.999969
-0.999989
-0.999969
-0.99991
-0.999811
-0.999673
-0.999495
-0.999278
-0.999022
-0.998726
-0.99839
-0.998016
-0.997601
-0.997148
-0.996655
-0.996122
-0.995551
-0.99494
-0.99429
-0.9936
-0.992871
-0.992104
-0.991296
-0.99045
-0.989565
-0.988641
-0.987677
-0.986675
-0.985633
-0.984553
-0.983434
-0.982276
-0.981079
-0.979844
-0.97857
-0.977257
-0.975906
-0.974516
-0.973088
-0.971621
-0.970116
-0.968572
-0.966991
-0.965371
-0.963713
-0.962017
-0.960283
-0.958511
-0.956701
-0.954854
-0.952969
-0.951046
-0.949085
-0.947088
-0.945052
-0.94298
-0.94087
-0.938723
-0.936539
-0.934318
-0.93206
-0.929766
-0.927435
-0.925067
-0.922662
-0.920221
-0.917744
-0.915231
-0.912681
-0.910095
-0.907474
-0.904817
-0.902123
-0.899395
-0.896631
-0.893831
-0.890996
-0.888126
-0.885221
-0.882281
-0.879306
-0.876296
-0.873252
-0.870174
-0.86706
-0.863913
-0.860732
-0.857517
-0.854267
-0.850984
-0.847668
-0.844318
-0.840935
-0.837518
-0.834068
-0.830586
-0.827071
-0.823523
-0.819942
-0.816329
-0.812684
-0.809007
-0.805298
-0.801557
-0.797785
-0.793981
-0.790145
-0.786279
-0.782381
-0.778453
-0.774493
-0.770504
-0.766483
-0.762433
-0.758352
-0.754242
-0.750102
-0.745932
-0.741732
-0.737504
-0.733246
-0.728959
-0.724644
-0.7203
-0.715927
-0.711527
-0.707098
-0.702641
-0.698156
-0.693644
-0.689105
-0.684538
-0.679944
-0.675324
-0.670677
-0.666003
-0.661303
-0.656577
-0.651825
-0.647047
-0.642244
-0.637415
-0.632562
-0.627683
-0.622779
-0.617851
-0.612899
-0.607922
-0.602921
-0.597897
-0.592848
-0.587777
-0.582682
-0.577564
-0.572424
-0.567261
-0.562075
-0.556868
-0.551638
-0.546386
-0.541113
-0.535819
-0.530503
-0.525167
-0.51981
-0.514432
-0.509034
-0.503615
-0.498177
-0.49272
-0.487243
-0.481746
-0.476231
-0.470696
-0.465144
-0.459572
-0.453983
-0.448376
-0.442751
-0.437108
-0.431449
-0.425772
-0.420079
-0.414368
-0.408642
-0.402899
-0.397141
-0.391367
-0.385577
-0.379772
-0.373952
-0.368118
-0.362269
-0.356405
-0.350528
-0.344636
-0.338731
-0.332813
-0.326881
-0.320937
-0.31498
-0.309011
-0.303029
-0.297035
-0.29103
-0.285013
-0.278985
-0.272946
-0.266896
-0.260835
-0.254765
-0.248684
-0.242593
-0.236493
-0.230384
-0.224265
-0.218137
-0.212001
-0.205857
-0.199704
-0.193544
-0.187376
-0.1812
-0.175018
-0.168828
-0.162632
-0.156429
-0.15022
-0.144005
-0.137785
-0.131559
-0.125328
-0.119092
-0.112851
-0.106606
-0.100357
-0.0941033
-0.0878463
-0.0815857
-0.075322
-0.0690552
-0.0627858
-0.0565138
-0.0502396
-0.0439635
-0.0376856
-0.0314062
-0.0251256
-0.018844
-0.0125616
-0.00627876
4.34365e-06
0.00628745
0.0125703
0.0188527
0.0251343
0.0314149
0.0376943
0.0439722
0.0502483
0.0565225
0.0627944
0.0690639
0.0753306
0.0815944
0.087855
0.094112
0.100365
0.106615
0.11286
0.119101
0.125337
0.131568
0.137794
0.144014
0.150229
0.156438
0.16264
0.168837
0.175026
0.181209
0.187384
0.193553
0.199713
0.205866
0.21201
0.218146
0.224274
0.230392
0.236502
0.242602
0.248693
0.254773
0.260844
0.266905
0.272954
0.278994
0.285022
0.291039
0.297044
0.303038
0.309019
0.314989
0.320946
0.32689
0.332822
0.33874
0.344645
0.350536
0.356414
0.362277
0.368126
0.373961
0.379781
0.385586
0.391375
0.39715
0.402908
0.408651
0.414377
0.420087
0.425781
0.431458
0.437117
0.44276
0.448385
0.453992
0.459581
0.465152
0.470705
0.476239
0.481755
0.487251
0.492728
0.498186
0.503624
0.509042
0.51444
0.519818
0.525175
0.530512
0.535828
0.541122
0.546395
0.551647
0.556876
0.562084
0.56727
0.572433
0.577573
0.582691
0.587786
0.592857
0.597905
0.60293
0.607931
0.612907
0.61786
0.622788
0.627692
0.63257
0.637424
0.642253
0.647056
0.651834
0.656586
0.661312
0.666012
0.670685
0.675333
0.679953
0.684547
0.689114
0.693653
0.698165
0.70265
0.707106
0.711535
0.715936
0.720309
0.724653
0.728968
0.733255
0.737513
0.741741
0.745941
0.75011
0.754251
0.758361
0.762442
0.766492
0.770512
0.774502
0.778461
0.78239
0.786288
0.790154
0.793989
0.797793
0.801566
0.805307
0.809016
0.812693
0.816338
0.819951
0.823531
0.827079
0.830595
0.834077
0.837527
0.840943
0.844327
0.847677
0.850993
0.854276
0.857525
0.860741
0.863922
0.867069
0.870182
0.873261
0.876305
0.879315
0.88229
0.88523
0.888135
0.891005
0.89384
0.896639
0.899404
0.902132
0.904825
0.907483
0.910104
0.91269
0.915239
0.917753
0.92023
0.922671
0.925075
0.927443
0.929775
0.932069
0.934327
0.936548
0.938732
0.940879
0.942989
0.945061
0.947096
0.949094
0.951055
0.952977
0.954863
0.95671
0.95852
0.960292
0.962026
0.963722
0.96538
0.966999
0.968581
0.970125
0.97163
0.973096
0.974525
0.975915
0.977266
0.978579
0.979853
0.981088
0.982285
0.983443
0.984562
0.985642
0.986684
0.987686
0.98865
0.989574
0.990459
0.991305
0.992112
0.99288
0.993609
0.994299
0.994949
0.99556
0.996131
0.996664
0.997157
0.99761
0.998024
0.998399
0.998735
0.999031
0.999287
0.999504
0.999682
0.99982
0.999919
0.999978
0.999998
1
1
0.999999
0.999998
0.999997
0.999995
0.999993
0.99999
0.999987
0.999984
0.99998
0.999976
0.999972
0.999967
0.999961
0.999956
0.999949
0.999943
0.999936
0.999929
0.999921
0.999913
0.999904
0.999896
0.999886
0.999877
0.999867
0.999856
0.999845
0.999834
0.999822
0.99981
0.999798
0.999785
0.999772
0.999758
0.999744
0.99973
0.999715
0.9997
0.999684
0.999668
0.999652
0.999635
0.999618
0.9996
0.999582
0.999564
0.999545
0.999526
0.999507
0.999487
0.999466
0.999446
0.999424
0.999403
0.999381
0.999359
0.999336
0.999313
0.999289
0.999266
0.999241
0.999217
0.999192
0.999166
0.99914
0.999114
0.999087
0.99906
0.999033
0.999005
0.998977
0.998948
0.998919
0.99889
0.99886
0.99883
0.998799
0.998768
0.998737
0.998705
0.998673
0.99864
0.998608
0.998574
0.99854
0.998506
0.998472
0.998437
0.998402
0.998366
0.99833
0.998293
0.998256
0.998219
0.998181
0.998143
0.998105
0.998066
0.998027
0.997987
0.997947
0.997907
0.997866
0.997825
0.997783
0.997741
0.997699
0.997656
0.997613
0.997569
0.997525
0.997481
0.997436
0.997391
0.997345
0.997299
0.997253
0.997206
0.997159
0.997111
0.997063
0.997015
0.996966
0.996917
0.996868
0.996818
0.996768
0.996717
0.996666
0.996614
0.996563
0.99651
0.996458
0.996405
0.996351
0.996297
0.996243
0.996189
0.996134
0.996078
0.996022
0.995966
0.99591
0.995853
0.995795
0.995738
0.995679
0.995621
0.995562
0.995503
0.995443
0.995383
0.995322
0.995261
0.9952
0.995138
0.995076
0.995014
0.994951
0.994888
0.994824
0.99476
0.994696
0.994631
0.994566
0.9945
0.994434
0.994368
0.994301
0.994234
0.994166
0.994098
0.99403
0.993961
0.993892
0.993822
0.993752
0.993682
0.993611
0.99354
0.993469
0.993397
0.993325
0.993252
0.993179
0.993105
0.993031
0.992957
0.992883
0.992808
0.992732
0.992656
0.99258
0.992504
0.992427
0.992349
0.992271
0.992193
0.992115
0.992036
0.991956
0.991877
0.991797
0.991716
0.991635
0.991554
0.991472
0.99139
0.991308
0.991225
0.991142
0.991058
0.990974
0.990889
0.990805
0.990719
0.990634
0.990548
0.990461
0.990375
0.990287
0.9902
0.990112
0.990024
0.989935
0.989846
0.989756
0.989666
0.989576
0.989485
0.989394
0.989303
0.989211
0.989119
0.989026
0.988933
0.98884
0.988746
0.988652
0.988557
0.988462
0.988367
0.988271
0.988175
0.988078
0.987981
0.987884
0.987786
0.987688
0.98759
0.987491
0.987392
0.987292
0.987192
0.987092
0.986991
0.98689
0.986788
0.986686
0.986584
0.986481
0.986378
0.986274
0.98617
0.986066
0.985961
0.985856
0.98575
0.985645
0.985538
0.985432
0.985325
0.985217
0.985109
0.985001
0.984892
0.984783
0.984674
0.984564
0.984454
0.984344
0.984233
0.984121
0.98401
0.983898
0.983785
0.983672
0.983559
0.983445
0.983331
0.983217
0.983102
0.982987
0.982871
0.982755
0.982639
0.982522
0.982405
0.982287
0.982169
0.982051
0.981932
0.981813
0.981694
0.981574
0.981454
0.981333
0.981212
0.981091
0.980969
0.980847
0.980724
0.980601
0.980478
0.980354
0.98023
0.980105
0.97998
0.979855
0.979729
0.979603
0.979477
0.97935
0.979223
0.979095
0.978967
0.978839
0.97871
0.978581
0.978451
0.978321
0.978191
0.97806
0.977929
0.977798
0.977666
0.977534
0.977401
0.977268
0.977135
0.977001
0.976867
0.976732
0.976597
0.976462
0.976326
0.97619
0.976054
0.975917
0.97578
0.975642
0.975504
0.975365
0.975227
0.975087
0.974948
0.974808
0.974668
0.974527
0.974386
0.974244
0.974102
0.97396
0.973817
0.973674
0.973531
0.973387
0.973243
0.973099
0.972954
0.972808
0.972663
0.972516
0.97237
0.972223
0.972076
0.971928
0.97178
0.971632
0.971483
0.971334
0.971184
0.971034
0.970884
0.970733
0.970582
0.970431
0.970279
0.970127
0.969974
0.969821
0.969668
0.969514
0.96936
0.969205
0.96905
0.968895
0.968739
0.968583
0.968427
0.96827
0.968113
0.967955
0.967797
0.967639
0.96748
0.967321
0.967161
0.967001
0.966841
0.966681
0.96652
0.966358
0.966196
0.966034
0.965872
0.965709
0.965545
0.965382
0.965218
0.965053
0.964888
0.964723
0.964557
0.964391
0.964225
0.964058
0.963891
0.963724
0.963556
0.963388
0.963219
0.96305
0.96288
0.962711
0.96254
0.96237
0.962199
0.962028
0.961856
0.961684
0.961511
0.961339
0.961165
0.960992
0.960818
0.960644
0.960469
0.960294
0.960118
0.959942
0.959766
0.959589
0.959412
0.959235
0.959057
0.958879
0.958701
0.958522
0.958343
0.958163
0.957983
0.957802
0.957622
0.95744
0.957259
0.957077
0.956895
0.956712
0.956529
0.956346
0.956162
0.955978
0.955793
0.955608
0.955423
0.955237
0.955051
0.954865
0.954678
0.954491
0.954303
0.954115
0.953927
0.953738
0.953549
0.953359
0.95317
0.952979
0.952789
0.952598
0.952406
0.952215
0.952023
0.95183
0.951637
0.951444
0.95125
0.951057
0.950862
0.950667
0.950472
0.950277
0.950081
0.949885
0.949688
0.949491
0.949294
0.949096
0.948898
0.9487
0.948501
0.948302
0.948102
0.947902
0.947702
0.947501
0.9473
0.947098
0.946896
0.946694
0.946492
0.946289
0.946085
0.945882
0.945678
0.945473
0.945268
0.945063
0.944857
0.944652
0.944445
0.944239
0.944031
0.943824
0.943616
0.943408
0.943199
0.942991
0.942781
0.942572
0.942362
0.942151
0.94194
0.941729
0.941518
0.941306
0.941093
0.940881
0.940668
0.940454
0.940241
0.940026
0.939812
0.939597
0.939382
0.939166
0.93895
0.938734
0.938517
0.9383
0.938083
0.937865
0.937647
0.937428
0.937209
0.93699
0.93677
0.93655
0.936329
0.936109
0.935887
0.935666
0.935444
0.935222
0.934999
0.934776
0.934553
0.934329
0.934105
0.93388
0.933655
0.93343
0.933205
0.932979
0.932752
0.932526
0.932299
0.932071
0.931843
0.931615
0.931387
0.931158
0.930928
0.930699
0.930469
0.930238
0.930008
0.929776
0.929545
0.929313
0.929081
0.928848
0.928615
0.928382
0.928148
0.927914
0.92768
0.927445
0.92721
0.926974
0.926739
0.926502
0.926266
0.926029
0.925791
0.925554
0.925316
0.925077
0.924838
0.924599
0.92436
0.92412
0.92388
0.923639
0.923398
0.923157
0.922915
0.922673
0.92243
0.922187
0.921944
0.921701
0.921457
0.921213
0.920968
0.920723
0.920478
0.920232
0.919986
0.919739
0.919492
0.919245
0.918998
0.91875
0.918502
0.918253
0.918004
0.917755
0.917505
0.917255
0.917004
0.916754
0.916502
0.916251
0.915999
0.915747
0.915494
0.915241
0.914988
0.914734
0.91448
0.914226
0.913971
0.913716
0.91346
0.913204
0.912948
0.912692
0.912435
0.912177
0.91192
0.911662
0.911403
0.911145
0.910885
0.910626
0.910366
0.910106
0.909845
0.909585
0.909323
0.909062
0.9088
0.908537
0.908275
0.908012
0.907748
0.907484
0.90722
0.906956
0.906691
0.906426
0.90616
0.905894
0.905628
0.905361
0.905094
0.904827
0.904559
0.904291
0.904023
0.903754
0.903485
0.903215
0.902946
0.902675
0.902405
0.902134
0.901863
0.901591
0.901319
0.901047
0.900774
0.900501
0.900228
0.899954
0.89968
0.899405
0.89913
0.898855
0.89858
0.898304
0.898028
0.897751
0.897474
0.897197
0.896919
0.896641
0.896363
0.896084
0.895805
0.895525
0.895246
0.894966
0.894685
0.894404
0.894123
0.893841
0.89356
0.893277
0.892995
0.892712
0.892428
0.892145
0.891861
0.891576
0.891292
0.891007
0.890721
0.890435
0.890149
0.889863
0.889576
0.889289
0.889001
0.888713
0.888425
0.888136
0.887848
0.887558
0.887269
0.886979
0.886688
0.886398
0.886107
0.885815
0.885523
0.885231
0.884939
0.884646
0.884353
0.884059
0.883766
0.883471
0.883177
0.882882
0.882587
0.882291
0.881995
0.881699
0.881402
0.881105
0.880808
0.88051
0.880212
0.879914
0.879615
0.879316
0.879017
0.878717
0.878417
0.878117
0.877816
0.877515
0.877213
0.876911
0.876609
0.876307
0.876004
0.875701
0.875397
0.875093
0.874789
0.874484
0.874179
0.873874
0.873568
0.873262
0.872956
0.872649
0.872342
0.872035
0.871727
0.871419
0.871111
0.870802
0.870493
0.870184
0.869874
0.869564
0.869253
0.868943
0.868632
0.86832
0.868008
0.867696
0.867384
0.867071
0.866758
0.866444
0.86613
0.865816
0.865501
0.865186
0.864871
0.864556
0.86424
0.863923
0.863607
0.86329
0.862973
0.862655
0.862337
0.862019
0.8617
0.861381
0.861062
0.860742
0.860422
0.860102
0.859781
0.85946
0.859139
0.858817
0.858495
0.858172
0.85785
0.857527
0.857203
0.85688
0.856555
0.856231
0.855906
0.855581
0.855256
0.85493
0.854604
0.854277
0.853951
0.853624
0.853296
0.852968
0.85264
0.852312
0.851983
0.851654
0.851324
0.850994
0.850664
0.850334
0.850003
0.849672
0.84934
0.849009
0.848676
0.848344
0.848011
0.847678
0.847344
0.847011
0.846676
0.846342
0.846007
0.845672
0.845336
0.845001
0.844664
0.844328
0.843991
0.843654
0.843316
0.842979
0.84264
0.842302
0.841963
0.841624
0.841284
0.840945
0.840604
0.840264
0.839923
0.839582
0.83924
0.838899
0.838556
0.838214
0.837871
0.837528
0.837185
0.836841
0.836497
0.836152
0.835807
0.835462
0.835117
0.834771
0.834425
0.834078
0.833732
0.833385
0.833037
0.832689
0.832341
0.831993
0.831644
0.831295
0.830946
0.830596
0.830246
0.829895
0.829545
0.829194
0.828842
0.828491
0.828139
0.827786
0.827434
0.827081
0.826727
0.826374
0.82602
0.825665
0.825311
0.824956
0.8246
0.824245
0.823889
0.823533
0.823176
0.822819
0.822462
0.822104
0.821746
0.821388
0.82103
0.820671
0.820312
0.819952
0.819592
0.819232
0.818872
0.818511
0.81815
0.817788
0.817427
0.817064
0.816702
0.816339
0.815976
0.815613
0.815249
0.814885
0.814521
0.814156
0.813791
0.813426
0.81306
0.812694
0.812328
0.811961
0.811594
0.811227
0.81086
0.810492
0.810124
0.809755
0.809386
0.809017
0.808648
0.808278
0.807908
0.807537
0.807166
0.806795
0.806424
0.806052
0.80568
0.805308
0.804935
0.804562
0.804189
0.803815
0.803441
0.803067
0.802693
0.802318
0.801943
0.801567
0.801191
0.800815
0.800439
0.800062
0.799685
0.799307
0.79893
0.798551
0.798173
0.797794
0.797415
0.797036
0.796657
0.796277
0.795896
0.795516
0.795135
0.794754
0.794372
0.79399
0.793608
0.793226
0.792843
0.79246
0.792077
0.791693
0.791309
0.790925
0.79054
0.790155
0.78977
0.789384
0.788998
0.788612
0.788226
0.787839
0.787452
0.787064
0.786676
0.786288
0.7859
0.785511
0.785122
0.784733
0.784344
0.783954
0.783563
0.783173
0.782782
0.782391
0.781999
0.781608
0.781216
0.780823
0.78043
0.780037
0.779644
0.77925
0.778857
0.778462
0.778068
0.777673
0.777278
0.776882
0.776487
0.77609
0.775694
0.775297
0.7749
0.774503
0.774105
0.773708
0.773309
0.772911
0.772512
0.772113
0.771713
0.771314
0.770914
0.770513
0.770113
0.769712
0.76931
0.768909
0.768507
0.768105
0.767702
0.767299
0.766896
0.766493
0.766089
0.765685
0.765281
0.764876
0.764472
0.764066
0.763661
0.763255
0.762849
0.762443
0.762036
0.761629
0.761221
0.760814
0.760406
0.759998
0.759589
0.75918
0.758771
0.758362
0.757952
0.757542
0.757132
0.756721
0.75631
0.755899
0.755488
0.755076
0.754664
0.754251
0.753839
0.753426
0.753012
0.752599
0.752185
0.751771
0.751356
0.750942
0.750526
0.750111
0.749695
0.749279
0.748863
0.748447
0.74803
0.747613
0.747195
0.746778
0.746359
0.745941
0.745523
0.745104
0.744684
0.744265
0.743845
0.743425
0.743005
0.742584
0.742163
0.741742
0.74132
0.740898
0.740476
0.740054
0.739631
0.739208
0.738785
0.738361
0.737937
0.737513
0.737089
0.736664
0.736239
0.735814
0.735388
0.734962
0.734536
0.734109
0.733682
0.733255
0.732828
0.7324
0.731972
0.731544
0.731116
0.730687
0.730258
0.729828
0.729399
0.728969
0.728538
0.728108
0.727677
0.727246
0.726814
0.726383
0.725951
0.725519
0.725086
0.724653
0.72422
0.723787
0.723353
0.722919
0.722485
0.72205
0.721615
0.72118
0.720745
0.720309
0.719873
0.719437
0.719
0.718563
0.718126
0.717689
0.717251
0.716813
0.716375
0.715936
0.715498
0.715059
0.714619
0.71418
0.71374
0.713299
0.712859
0.712418
0.711977
0.711536
0.711094
0.710652
0.71021
0.709767
0.709325
0.708882
0.708438
0.707995
0.707551
0.707107
0.706662
0.706218
0.705773
0.705327
0.704882
0.704436
0.70399
0.703544
0.703097
0.70265
0.702203
0.701755
0.701308
0.700859
0.700411
0.699963
0.699514
0.699065
0.698615
0.698165
0.697715
0.697265
0.696815
0.696364
0.695913
0.695461
0.69501
0.694558
0.694106
0.693653
0.693201
0.692748
0.692294
0.691841
0.691387
0.690933
0.690479
0.690024
0.689569
0.689114
0.688658
0.688203
0.687747
0.68729
0.686834
0.686377
0.68592
0.685463
0.685005
0.684547
0.684089
0.683631
0.683172
0.682713
0.682254
0.681794
0.681334
0.680874
0.680414
0.679953
0.679493
0.679031
0.67857
0.678108
0.677646
0.677184
0.676722
0.676259
0.675796
0.675333
0.674869
0.674406
0.673941
0.673477
0.673013
0.672548
0.672083
0.671617
0.671152
0.670686
0.670219
0.669753
0.669286
0.668819
0.668352
0.667885
0.667417
0.666949
0.66648
0.666012
0.665543
0.665074
0.664605
0.664135
0.663665
0.663195
0.662725
0.662254
0.661783
0.661312
0.66084
0.660369
0.659897
0.659425
0.658952
0.658479
0.658006
0.657533
0.65706
0.656586
0.656112
0.655637
0.655163
0.654688
0.654213
0.653738
0.653262
0.652786
0.65231
0.651834
0.651357
0.65088
0.650403
0.649926
0.649448
0.64897
0.648492
0.648014
0.647535
0.647056
0.646577
0.646097
0.645618
0.645138
0.644658
0.644177
0.643696
0.643215
0.642734
0.642253
0.641771
0.641289
0.640807
0.640324
0.639841
0.639359
0.638875
0.638392
0.637908
0.637424
0.63694
0.636455
0.63597
0.635485
0.635
0.634515
0.634029
0.633543
0.633057
0.63257
0.632083
0.631596
0.631109
0.630622
0.630134
0.629646
0.629158
0.628669
0.62818
0.627691
0.627202
0.626713
0.626223
0.625733
0.625243
0.624752
0.624261
0.62377
0.623279
0.622788
0.622296
0.621804
0.621312
0.620819
0.620327
0.619834
0.619341
0.618847
0.618354
0.61786
0.617365
0.616871
0.616376
0.615882
0.615386
0.614891
0.614395
0.6139
0.613403
0.612907
0.61241
0.611914
0.611417
0.610919
0.610422
0.609924
0.609426
0.608928
0.608429
0.60793
0.607431
0.606932
0.606433
0.605933
0.605433
0.604933
0.604432
0.603932
0.603431
0.60293
0.602428
0.601927
0.601425
0.600923
0.60042
0.599918
0.599415
0.598912
0.598409
0.597905
0.597401
0.596897
0.596393
0.595889
0.595384
0.594879
0.594374
0.593868
0.593363
0.592857
0.592351
0.591844
0.591338
0.590831
0.590324
0.589817
0.589309
0.588801
0.588293
0.587785
0.587277
0.586768
0.586259
0.58575
0.585241
0.584731
0.584221
0.583711
0.583201
0.582691
0.58218
0.581669
0.581158
0.580646
0.580134
0.579623
0.57911
0.578598
0.578086
0.577573
0.57706
0.576546
0.576033
0.575519
0.575005
0.574491
0.573977
0.573462
0.572947
0.572432
0.571917
0.571401
0.570886
0.57037
0.569853
0.569337
0.56882
0.568303
0.567786
0.567269
0.566751
0.566234
0.565716
0.565197
0.564679
0.56416
0.563641
0.563122
0.562603
0.562083
0.561564
0.561044
0.560523
0.560003
0.559482
0.558961
0.55844
0.557919
0.557397
0.556876
0.556354
0.555831
0.555309
0.554786
0.554264
0.55374
0.553217
0.552694
0.55217
0.551646
0.551122
0.550597
0.550073
0.549548
0.549023
0.548498
0.547972
0.547446
0.54692
0.546394
0.545868
0.545341
0.544815
0.544288
0.543761
0.543233
0.542705
0.542178
0.54165
0.541121
0.540593
0.540064
0.539535
0.539006
0.538477
0.537947
0.537417
0.536887
0.536357
0.535827
0.535296
0.534765
0.534234
0.533703
0.533172
0.53264
0.532108
0.531576
0.531044
0.530511
0.529978
0.529446
0.528912
0.528379
0.527846
0.527312
0.526778
0.526244
0.525709
0.525175
0.52464
0.524105
0.52357
0.523034
0.522499
0.521963
0.521427
0.52089
0.520354
0.519817
0.519281
0.518743
0.518206
0.517669
0.517131
0.516593
0.516055
0.515517
0.514978
0.51444
0.513901
0.513362
0.512822
0.512283
0.511743
0.511203
0.510663
0.510123
0.509582
0.509041
0.508501
0.507959
0.507418
0.506877
0.506335
0.505793
0.505251
0.504708
0.504166
0.503623
0.50308
0.502537
0.501994
0.50145
0.500907
0.500363
0.499819
0.499274
0.49873
0.498185
0.49764
0.497095
0.49655
0.496004
0.495459
0.494913
0.494367
0.49382
0.493274
0.492727
0.492181
0.491633
0.491086
0.490539
0.489991
0.489443
0.488895
0.488347
0.487799
0.48725
0.486701
0.486152
0.485603
0.485054
0.484504
0.483955
0.483405
0.482855
0.482304
0.481754
0.481203
0.480652
0.480101
0.47955
0.478998
0.478447
0.477895
0.477343
0.476791
0.476238
0.475686
0.475133
0.47458
0.474027
0.473473
0.47292
0.472366
0.471812
0.471258
0.470704
0.47015
0.469595
0.46904
0.468485
0.46793
0.467374
0.466819
0.466263
0.465707
0.465151
0.464595
0.464038
0.463482
0.462925
0.462368
0.461811
0.461253
0.460696
0.460138
0.45958
0.459022
0.458463
0.457905
0.457346
0.456787
0.456228
0.455669
0.45511
0.45455
0.453991
0.453431
0.45287
0.45231
0.45175
0.451189
0.450628
0.450067
0.449506
0.448945
0.448383
0.447822
0.44726
0.446698
0.446135
0.445573
0.44501
0.444448
0.443885
0.443322
0.442758
0.442195
0.441631
0.441067
0.440503
0.439939
0.439375
0.43881
0.438246
0.437681
0.437116
0.436551
0.435985
0.43542
0.434854
0.434288
0.433722
0.433156
0.432589
0.432023
0.431456
0.430889
0.430322
0.429755
0.429187
0.42862
0.428052
0.427484
0.426916
0.426348
0.425779
0.425211
0.424642
0.424073
0.423504
0.422935
0.422365
0.421796
0.421226
0.420656
0.420086
0.419515
0.418945
0.418374
0.417804
0.417233
0.416662
0.41609
0.415519
0.414947
0.414376
0.413804
0.413232
0.412659
0.412087
0.411514
0.410942
0.410369
0.409796
0.409222
0.408649
0.408076
0.407502
0.406928
0.406354
0.40578
0.405205
0.404631
0.404056
0.403481
0.402906
0.402331
0.401756
0.401181
0.400605
0.400029
0.399453
0.398877
0.398301
0.397724
0.397148
0.396571
0.395994
0.395417
0.39484
0.394263
0.393685
0.393108
0.39253
0.391952
0.391374
0.390795
0.390217
0.389638
0.38906
0.388481
0.387902
0.387323
0.386743
0.386164
0.385584
0.385004
0.384424
0.383844
0.383264
0.382683
0.382103
0.381522
0.380941
0.38036
0.379779
0.379198
0.378616
0.378035
0.377453
0.376871
0.376289
0.375707
0.375124
0.374542
0.373959
0.373376
0.372793
0.37221
0.371627
0.371044
0.37046
0.369877
0.369293
0.368709
0.368125
0.36754
0.366956
0.366371
0.365787
0.365202
0.364617
0.364032
0.363446
0.362861
0.362275
0.36169
0.361104
0.360518
0.359932
0.359345
0.358759
0.358172
0.357586
0.356999
0.356412
0.355825
0.355238
0.35465
0.354063
0.353475
0.352887
0.352299
0.351711
0.351123
0.350534
0.349946
0.349357
0.348768
0.348179
0.34759
0.347001
0.346412
0.345822
0.345233
0.344643
0.344053
0.343463
0.342873
0.342283
0.341692
0.341102
0.340511
0.33992
0.339329
0.338738
0.338147
0.337555
0.336964
0.336372
0.33578
0.335189
0.334596
0.334004
0.333412
0.33282
0.332227
0.331634
0.331041
0.330449
0.329855
0.329262
0.328669
0.328075
0.327482
0.326888
0.326294
0.3257
0.325106
0.324512
0.323917
0.323323
0.322728
0.322134
0.321539
0.320944
0.320349
0.319753
0.319158
0.318562
0.317967
0.317371
0.316775
0.316179
0.315583
0.314987
0.31439
0.313794
0.313197
0.3126
0.312003
0.311406
0.310809
0.310212
0.309615
0.309017
0.308419
0.307822
0.307224
0.306626
0.306028
0.305429
0.304831
0.304233
0.303634
0.303035
0.302436
0.301838
0.301238
0.300639
0.30004
0.299441
0.298841
0.298241
0.297642
0.297042
0.296442
0.295841
0.295241
0.294641
0.29404
0.29344
0.292839
0.292238
0.291637
0.291036
0.290435
0.289834
0.289232
0.288631
0.288029
0.287427
0.286826
0.286224
0.285622
0.285019
0.284417
0.283815
0.283212
0.282609
0.282007
0.281404
0.280801
0.280198
0.279594
0.278991
0.278388
0.277784
0.277181
0.276577
0.275973
0.275369
0.274765
0.274161
0.273556
0.272952
0.272347
0.271743
0.271138
0.270533
0.269928
0.269323
0.268718
0.268113
0.267508
0.266902
0.266296
0.265691
0.265085
0.264479
0.263873
0.263267
0.262661
0.262054
0.261448
0.260842
0.260235
0.259628
0.259021
0.258414
0.257807
0.2572
0.256593
0.255986
0.255378
0.254771
0.254163
0.253555
0.252948
0.25234
0.251732
0.251123
0.250515
0.249907
0.249298
0.24869
0.248081
0.247473
0.246864
0.246255
0.245646
0.245037
0.244427
0.243818
0.243209
0.242599
0.24199
0.24138
0.24077
0.24016
0.23955
0.23894
0.23833
0.23772
0.237109
0.236499
0.235888
0.235278
0.234667
0.234056
0.233445
0.232834
0.232223
0.231612
0.231001
0.230389
0.229778
0.229166
0.228555
0.227943
0.227331
0.226719
0.226107
0.225495
0.224883
0.224271
0.223658
0.223046
0.222433
0.221821
0.221208
0.220595
0.219982
0.219369
0.218756
0.218143
0.21753
0.216917
0.216303
0.21569
0.215076
0.214463
0.213849
0.213235
0.212621
0.212007
0.211393
0.210779
0.210165
0.20955
0.208936
0.208321
0.207707
0.207092
0.206477
0.205863
0.205248
0.204633
0.204018
0.203403
0.202787
0.202172
0.201557
0.200941
0.200326
0.19971
0.199094
0.198479
0.197863
0.197247
0.196631
0.196015
0.195398
0.194782
0.194166
0.19355
0.192933
0.192316
0.1917
0.191083
0.190466
0.18985
0.189233
0.188616
0.187999
0.187381
0.186764
0.186147
0.185529
0.184912
0.184294
0.183677
0.183059
0.182441
0.181824
0.181206
0.180588
0.17997
0.179352
0.178734
0.178115
0.177497
0.176879
0.17626
0.175642
0.175023
0.174404
0.173786
0.173167
0.172548
0.171929
0.17131
0.170691
0.170072
0.169453
0.168833
0.168214
0.167595
0.166975
0.166356
0.165736
0.165117
0.164497
0.163877
0.163257
0.162637
0.162017
0.161397
0.160777
0.160157
0.159537
0.158916
0.158296
0.157676
0.157055
0.156435
0.155814
0.155193
0.154572
0.153952
0.153331
0.15271
0.152089
0.151468
0.150847
0.150226
0.149604
0.148983
0.148362
0.14774
0.147119
0.146497
0.145876
0.145254
0.144633
0.144011
0.143389
0.142767
0.142145
0.141523
0.140901
0.140279
0.139657
0.139035
0.138413
0.13779
0.137168
0.136546
0.135923
0.135301
0.134678
0.134055
0.133433
0.13281
0.132187
0.131564
0.130942
0.130319
0.129696
0.129073
0.128449
0.127826
0.127203
0.12658
0.125957
0.125333
0.12471
0.124086
0.123463
0.122839
0.122216
0.121592
0.120969
0.120345
0.119721
0.119097
0.118473
0.117849
0.117225
0.116601
0.115977
0.115353
0.114729
0.114105
0.113481
0.112856
0.112232
0.111608
0.110983
0.110359
0.109734
0.10911
0.108485
0.107861
0.107236
0.106611
0.105986
0.105362
0.104737
0.104112
0.103487
0.102862
0.102237
0.101612
0.100987
0.100362
0.0997366
0.0991114
0.0984861
0.0978609
0.0972355
0.0966102
0.0959848
0.0953593
0.0947339
0.0941084
0.0934828
0.0928572
0.0922316
0.0916059
0.0909803
0.0903545
0.0897288
0.089103
0.0884771
0.0878512
0.0872253
0.0865994
0.0859734
0.0853474
0.0847214
0.0840953
0.0834692
0.082843
0.0822169
0.0815907
0.0809644
0.0803382
0.0797118
0.0790855
0.0784591
0.0778327
0.0772063
0.0765799
0.0759534
0.0753269
0.0747003
0.0740737
0.0734471
0.0728205
0.0721938
0.0715671
0.0709404
0.0703137
0.0696869
0.0690601
0.0684332
0.0678064
0.0671795
0.0665526
0.0659256
0.0652987
0.0646717
0.0640447
0.0634176
0.0627906
0.0621635
0.0615364
0.0609092
0.0602821
0.0596549
0.0590277
0.0584004
0.0577732
0.0571459
0.0565186
0.0558913
0.0552639
0.0546365
0.0540092
0.0533817
0.0527543
0.0521269
0.0514994
0.0508719
0.0502444
0.0496168
0.0489893
0.0483617
0.0477341
0.0471065
0.0464789
0.0458512
0.0452236
0.0445959
0.0439682
0.0433405
0.0427127
0.042085
0.0414572
0.0408294
0.0402016
0.0395738
0.0389459
0.0383181
0.0376902
0.0370624
0.0364345
0.0358066
0.0351786
0.0345507
0.0339227
0.0332948
0.0326668
0.0320388
0.0314108
0.0307828
0.0301548
0.0295267
0.0288987
0.0282706
0.0276425
0.0270145
0.0263864
0.0257583
0.0251301
0.024502
0.0238739
0.0232457
0.0226176
0.0219894
0.0213613
0.0207331
0.0201049
0.0194767
0.0188485
0.0182203
0.0175921
0.0169638
0.0163356
0.0157074
0.0150791
0.0144509
0.0138226
0.0131944
0.0125661
0.0119378
0.0113095
0.0106813
0.010053
0.00942469
0.0087964
0.0081681
0.00753981
0.0069115
0.0062832
0.00565489
0.00502658
0.00439827
0.00376996
0.00314164
0.00251333
0.00188501
0.00125669
0.000628373
5.47486e-08
-0.000628264
-0.00125658
-0.0018849
-0.00251322
-0.00314153
-0.00376985
-0.00439816
-0.00502647
-0.00565478
-0.00628309
-0.00691139
-0.0075397
-0.00816799
-0.00879629
-0.00942458
-0.0100529
-0.0106812
-0.0113094
-0.0119377
-0.012566
-0.0131943
-0.0138225
-0.0144508
-0.015079
-0.0157073
-0.0163355
-0.0169637
-0.017592
-0.0182202
-0.0188484
-0.0194766
-0.0201048
-0.020733
-0.0213611
-0.0219893
-0.0226175
-0.0232456
-0.0238738
-0.0245019
-0.02513
-0.0257582
-0.0263863
-0.0270144
-0.0276424
-0.0282705
-0.0288986
-0.0295266
-0.0301547
-0.0307827
-0.0314107
-0.0320387
-0.0326667
-0.0332947
-0.0339226
-0.0345506
-0.0351785
-0.0358064
-0.0364344
-0.0370622
-0.0376901
-0.038318
-0.0389458
-0.0395737
-0.0402015
-0.0408293
-0.0414571
-0.0420849
-0.0427126
-0.0433403
-0.0439681
-0.0445958
-0.0452234
-0.0458511
-0.0464788
-0.0471064
-0.047734
-0.0483616
-0.0489892
-0.0496167
-0.0502443
-0.0508718
-0.0514993
-0.0521267
-0.0527542
-0.0533816
-0.054009
-0.0546364
-0.0552638
-0.0558912
-0.0565185
-0.0571458
-0.0577731
-0.0584003
-0.0590276
-0.0596548
-0.060282
-0.0609091
-0.0615363
-0.0621634
-0.0627905
-0.0634175
-0.0640446
-0.0646716
-0.0652986
-0.0659255
-0.0665525
-0.0671794
-0.0678063
-0.0684331
-0.06906
-0.0696868
-0.0703135
-0.0709403
-0.071567
-0.0721937
-0.0728204
-0.073447
-0.0740736
-0.0747002
-0.0753267
-0.0759533
-0.0765798
-0.0772062
-0.0778326
-0.078459
-0.0790854
-0.0797117
-0.080338
-0.0809643
-0.0815906
-0.0822168
-0.0828429
-0.0834691
-0.0840952
-0.0847213
-0.0853473
-0.0859733
-0.0865993
-0.0872252
-0.0878511
-0.088477
-0.0891028
-0.0897286
-0.0903544
-0.0909801
-0.0916058
-0.0922315
-0.0928571
-0.0934827
-0.0941083
-0.0947338
-0.0953592
-0.0959847
-0.0966101
-0.0972354
-0.0978608
-0.098486
-0.0991113
-0.0997365
-0.100362
-0.100987
-0.101612
-0.102237
-0.102862
-0.103487
-0.104112
-0.104737
-0.105362
-0.105986
-0.106611
-0.107236
-0.10786
-0.108485
-0.10911
-0.109734
-0.110359
-0.110983
-0.111608
-0.112232
-0.112856
-0.113481
-0.114105
-0.114729
-0.115353
-0.115977
-0.116601
-0.117225
-0.117849
-0.118473
-0.119097
-0.119721
-0.120345
-0.120968
-0.121592
-0.122216
-0.122839
-0.123463
-0.124086
-0.12471
-0.125333
-0.125957
-0.12658
-0.127203
-0.127826
-0.128449
-0.129072
-0.129695
-0.130318
-0.130941
-0.131564
-0.132187
-0.13281
-0.133433
-0.134055
-0.134678
-0.1353
-0.135923
-0.136545
-0.137168
-0.13779
-0.138413
-0.139035
-0.139657
-0.140279
-0.140901
-0.141523
-0.142145
-0.142767
-0.143389
-0.144011
-0.144632
-0.145254
-0.145876
-0.146497
-0.147119
-0.14774
-0.148362
-0.148983
-0.149604
-0.150226
-0.150847
-0.151468
-0.152089
-0.15271
-0.153331
-0.153952
-0.154572
-0.155193
-0.155814
-0.156434
-0.157055
-0.157675
-0.158296
-0.158916
-0.159537
-0.160157
-0.160777
-0.161397
-0.162017
-0.162637
-0.163257
-0.163877
-0.164497
-0.165116
-0.165736
-0.166356
-0.166975
-0.167595
-0.168214
-0.168833
-0.169453
-0.170072
-0.170691
-0.17131
-0.171929
-0.172548
-0.173167
-0.173786
-0.174404
-0.175023
-0.175642
-0.17626
-0.176879
-0.177497
-0.178115
-0.178733
-0.179352
-0.17997
-0.180588
-0.181206
-0.181824
-0.182441
-0.183059
-0.183677
-0.184294
-0.184912
-0.185529
-0.186147
-0.186764
-0.187381
-0.187998
-0.188615
-0.189232
-0.189849
-0.190466
-0.191083
-0.1917
-0.192316
-0.192933
-0.193549
-0.194166
-0.194782
-0.195398
-0.196015
-0.196631
-0.197247
-0.197863
-0.198478
-0.199094
-0.19971
-0.200326
-0.200941
-0.201557
-0.202172
-0.202787
-0.203402
-0.204018
-0.204633
-0.205248
-0.205863
-0.206477
-0.207092
-0.207707
-0.208321
-0.208936
-0.20955
-0.210165
-0.210779
-0.211393
-0.212007
-0.212621
-0.213235
-0.213849
-0.214463
-0.215076
-0.21569
-0.216303
-0.216917
-0.21753
-0.218143
-0.218756
-0.219369
-0.219982
-0.220595
-0.221208
-0.221821
-0.222433
-0.223046
-0.223658
-0.224271
-0.224883
-0.225495
-0.226107
-0.226719
-0.227331
-0.227943
-0.228555
-0.229166
-0.229778
-0.230389
-0.231001
-0.231612
-0.232223
-0.232834
-0.233445
-0.234056
-0.234667
-0.235278
-0.235888
-0.236499
-0.237109
-0.23772
-0.23833
-0.23894
-0.23955
-0.24016
-0.24077
-0.24138
-0.24199
-0.242599
-0.243209
-0.243818
-0.244427
-0.245037
-0.245646
-0.246255
-0.246864
-0.247472
-0.248081
-0.24869
-0.249298
-0.249907
-0.250515
-0.251123
-0.251731
-0.25234
-0.252947
-0.253555
-0.254163
-0.254771
-0.255378
-0.255986
-0.256593
-0.2572
-0.257807
-0.258414
-0.259021
-0.259628
-0.260235
-0.260841
-0.261448
-0.262054
-0.262661
-0.263267
-0.263873
-0.264479
-0.265085
-0.265691
-0.266296
-0.266902
-0.267507
-0.268113
-0.268718
-0.269323
-0.269928
-0.270533
-0.271138
-0.271743
-0.272347
-0.272952
-0.273556
-0.274161
-0.274765
-0.275369
-0.275973
-0.276577
-0.27718
-0.277784
-0.278388
-0.278991
-0.279594
-0.280198
-0.280801
-0.281404
-0.282007
-0.282609
-0.283212
-0.283814
-0.284417
-0.285019
-0.285621
-0.286223
-0.286825
-0.287427
-0.288029
-0.288631
-0.289232
-0.289834
-0.290435
-0.291036
-0.291637
-0.292238
-0.292839
-0.29344
-0.29404
-0.294641
-0.295241
-0.295841
-0.296441
-0.297042
-0.297641
-0.298241
-0.298841
-0.29944
-0.30004
-0.300639
-0.301238
-0.301837
-0.302436
-0.303035
-0.303634
-0.304233
-0.304831
-0.305429
-0.306028
-0.306626
-0.307224
-0.307822
-0.308419
-0.309017
-0.309614
-0.310212
-0.310809
-0.311406
-0.312003
-0.3126
-0.313197
-0.313794
-0.31439
-0.314986
-0.315583
-0.316179
-0.316775
-0.317371
-0.317967
-0.318562
-0.319158
-0.319753
-0.320348
-0.320944
-0.321539
-0.322133
-0.322728
-0.323323
-0.323917
-0.324512
-0.325106
-0.3257
-0.326294
-0.326888
-0.327482
-0.328075
-0.328669
-0.329262
-0.329855
-0.330448
-0.331041
-0.331634
-0.332227
-0.332819
-0.333412
-0.334004
-0.334596
-0.335188
-0.33578
-0.336372
-0.336964
-0.337555
-0.338147
-0.338738
-0.339329
-0.33992
-0.340511
-0.341101
-0.341692
-0.342282
-0.342873
-0.343463
-0.344053
-0.344643
-0.345233
-0.345822
-0.346412
-0.347001
-0.34759
-0.348179
-0.348768
-0.349357
-0.349946
-0.350534
-0.351123
-0.351711
-0.352299
-0.352887
-0.353475
-0.354062
-0.35465
-0.355237
-0.355825
-0.356412
-0.356999
-0.357586
-0.358172
-0.358759
-0.359345
-0.359932
-0.360518
-0.361104
-0.36169
-0.362275
-0.362861
-0.363446
-0.364032
-0.364617
-0.365202
-0.365787
-0.366371
-0.366956
-0.36754
-0.368124
-0.368709
-0.369293
-0.369876
-0.37046
-0.371044
-0.371627
-0.37221
-0.372793
-0.373376
-0.373959
-0.374542
-0.375124
-0.375707
-0.376289
-0.376871
-0.377453
-0.378035
-0.378616
-0.379198
-0.379779
-0.38036
-0.380941
-0.381522
-0.382103
-0.382683
-0.383264
-0.383844
-0.384424
-0.385004
-0.385584
-0.386164
-0.386743
-0.387322
-0.387902
-0.388481
-0.38906
-0.389638
-0.390217
-0.390795
-0.391374
-0.391952
-0.39253
-0.393107
-0.393685
-0.394263
-0.39484
-0.395417
-0.395994
-0.396571
-0.397148
-0.397724
-0.398301
-0.398877
-0.399453
-0.400029
-0.400605
-0.40118
-0.401756
-0.402331
-0.402906
-0.403481
-0.404056
-0.404631
-0.405205
-0.40578
-0.406354
-0.406928
-0.407502
-0.408075
-0.408649
-0.409222
-0.409796
-0.410369
-0.410942
-0.411514
-0.412087
-0.412659
-0.413232
-0.413804
-0.414376
-0.414947
-0.415519
-0.41609
-0.416662
-0.417233
-0.417804
-0.418374
-0.418945
-0.419515
-0.420086
-0.420656
-0.421226
-0.421795
-0.422365
-0.422935
-0.423504
-0.424073
-0.424642
-0.425211
-0.425779
-0.426348
-0.426916
-0.427484
-0.428052
-0.42862
-0.429187
-0.429755
-0.430322
-0.430889
-0.431456
-0.432023
-0.432589
-0.433156
-0.433722
-0.434288
-0.434854
-0.43542
-0.435985
-0.43655
-0.437116
-0.437681
-0.438246
-0.43881
-0.439375
-0.439939
-0.440503
-0.441067
-0.441631
-0.442195
-0.442758
-0.443321
-0.443885
-0.444447
-0.44501
-0.445573
-0.446135
-0.446697
-0.44726
-0.447821
-0.448383
-0.448945
-0.449506
-0.450067
-0.450628
-0.451189
-0.45175
-0.45231
-0.45287
-0.45343
-0.45399
-0.45455
-0.45511
-0.455669
-0.456228
-0.456787
-0.457346
-0.457905
-0.458463
-0.459022
-0.45958
-0.460138
-0.460695
-0.461253
-0.46181
-0.462368
-0.462925
-0.463482
-0.464038
-0.464595
-0.465151
-0.465707
-0.466263
-0.466819
-0.467374
-0.46793
-0.468485
-0.46904
-0.469595
-0.470149
-0.470704
-0.471258
-0.471812
-0.472366
-0.47292
-0.473473
-0.474027
-0.47458
-0.475133
-0.475686
-0.476238
-0.476791
-0.477343
-0.477895
-0.478447
-0.478998
-0.47955
-0.480101
-0.480652
-0.481203
-0.481754
-0.482304
-0.482854
-0.483405
-0.483954
-0.484504
-0.485054
-0.485603
-0.486152
-0.486701
-0.48725
-0.487799
-0.488347
-0.488895
-0.489443
-0.489991
-0.490539
-0.491086
-0.491633
-0.49218
-0.492727
-0.493274
-0.49382
-0.494367
-0.494913
-0.495459
-0.496004
-0.49655
-0.497095
-0.49764
-0.498185
-0.49873
-0.499274
-0.499819
-0.500363
-0.500907
-0.50145
-0.501994
-0.502537
-0.50308
-0.503623
-0.504166
-0.504708
-0.505251
-0.505793
-0.506335
-0.506876
-0.507418
-0.507959
-0.5085
-0.509041
-0.509582
-0.510123
-0.510663
-0.511203
-0.511743
-0.512283
-0.512822
-0.513361
-0.513901
-0.514439
-0.514978
-0.515517
-0.516055
-0.516593
-0.517131
-0.517669
-0.518206
-0.518743
-0.51928
-0.519817
-0.520354
-0.52089
-0.521427
-0.521963
-0.522498
-0.523034
-0.52357
-0.524105
-0.52464
-0.525175
-0.525709
-0.526244
-0.526778
-0.527312
-0.527845
-0.528379
-0.528912
-0.529445
-0.529978
-0.530511
-0.531044
-0.531576
-0.532108
-0.53264
-0.533172
-0.533703
-0.534234
-0.534765
-0.535296
-0.535827
-0.536357
-0.536887
-0.537417
-0.537947
-0.538477
-0.539006
-0.539535
-0.540064
-0.540593
-0.541121
-0.541649
-0.542177
-0.542705
-0.543233
-0.54376
-0.544288
-0.544815
-0.545341
-0.545868
-0.546394
-0.54692
-0.547446
-0.547972
-0.548497
-0.549023
-0.549548
-0.550073
-0.550597
-0.551122
-0.551646
-0.55217
-0.552693
-0.553217
-0.55374
-0.554263
-0.554786
-0.555309
-0.555831
-0.556354
-0.556876
-0.557397
-0.557919
-0.55844
-0.558961
-0.559482
-0.560003
-0.560523
-0.561044
-0.561564
-0.562083
-0.562603
-0.563122
-0.563641
-0.56416
-0.564679
-0.565197
-0.565716
-0.566234
-0.566751
-0.567269
-0.567786
-0.568303
-0.56882
-0.569337
-0.569853
-0.570369
-0.570885
-0.571401
-0.571917
-0.572432
-0.572947
-0.573462
-0.573977
-0.574491
-0.575005
-0.575519
-0.576033
-0.576546
-0.57706
-0.577573
-0.578085
-0.578598
-0.57911
-0.579622
-0.580134
-0.580646
-0.581157
-0.581669
-0.58218
-0.58269
-0.583201
-0.583711
-0.584221
-0.584731
-0.585241
-0.58575
-0.586259
-0.586768
-0.587277
-0.587785
-0.588293
-0.588801
-0.589309
-0.589817
-0.590324
-0.590831
-0.591338
-0.591844
-0.592351
-0.592857
-0.593363
-0.593868
-0.594374
-0.594879
-0.595384
-0.595888
-0.596393
-0.596897
-0.597401
-0.597905
-0.598408
-0.598912
-0.599415
-0.599918
-0.60042
-0.600922
-0.601425
-0.601926
-0.602428
-0.602929
-0.603431
-0.603932
-0.604432
-0.604933
-0.605433
-0.605933
-0.606432
-0.606932
-0.607431
-0.60793
-0.608429
-0.608927
-0.609426
-0.609924
-0.610422
-0.610919
-0.611416
-0.611914
-0.61241
-0.612907
-0.613403
-0.613899
-0.614395
-0.614891
-0.615386
-0.615881
-0.616376
-0.616871
-0.617365
-0.61786
-0.618353
-0.618847
-0.619341
-0.619834
-0.620327
-0.620819
-0.621312
-0.621804
-0.622296
-0.622788
-0.623279
-0.62377
-0.624261
-0.624752
-0.625243
-0.625733
-0.626223
-0.626713
-0.627202
-0.627691
-0.62818
-0.628669
-0.629158
-0.629646
-0.630134
-0.630622
-0.631109
-0.631596
-0.632083
-0.63257
-0.633057
-0.633543
-0.634029
-0.634515
-0.635
-0.635485
-0.63597
-0.636455
-0.63694
-0.637424
-0.637908
-0.638392
-0.638875
-0.639358
-0.639841
-0.640324
-0.640807
-0.641289
-0.641771
-0.642253
-0.642734
-0.643215
-0.643696
-0.644177
-0.644657
-0.645138
-0.645618
-0.646097
-0.646577
-0.647056
-0.647535
-0.648013
-0.648492
-0.64897
-0.649448
-0.649926
-0.650403
-0.65088
-0.651357
-0.651834
-0.65231
-0.652786
-0.653262
-0.653738
-0.654213
-0.654688
-0.655163
-0.655637
-0.656112
-0.656586
-0.657059
-0.657533
-0.658006
-0.658479
-0.658952
-0.659424
-0.659897
-0.660369
-0.66084
-0.661312
-0.661783
-0.662254
-0.662725
-0.663195
-0.663665
-0.664135
-0.664605
-0.665074
-0.665543
-0.666012
-0.66648
-0.666949
-0.667417
-0.667884
-0.668352
-0.668819
-0.669286
-0.669753
-0.670219
-0.670685
-0.671151
-0.671617
-0.672082
-0.672548
-0.673012
-0.673477
-0.673941
-0.674405
-0.674869
-0.675333
-0.675796
-0.676259
-0.676722
-0.677184
-0.677646
-0.678108
-0.67857
-0.679031
-0.679492
-0.679953
-0.680414
-0.680874
-0.681334
-0.681794
-0.682254
-0.682713
-0.683172
-0.68363
-0.684089
-0.684547
-0.685005
-0.685463
-0.68592
-0.686377
-0.686834
-0.68729
-0.687747
-0.688203
-0.688658
-0.689114
-0.689569
-0.690024
-0.690478
-0.690933
-0.691387
-0.691841
-0.692294
-0.692747
-0.6932
-0.693653
-0.694106
-0.694558
-0.69501
-0.695461
-0.695913
-0.696364
-0.696815
-0.697265
-0.697715
-0.698165
-0.698615
-0.699064
-0.699514
-0.699962
-0.700411
-0.700859
-0.701307
-0.701755
-0.702203
-0.70265
-0.703097
-0.703543
-0.70399
-0.704436
-0.704882
-0.705327
-0.705773
-0.706218
-0.706662
-0.707107
-0.707551
-0.707995
-0.708438
-0.708882
-0.709325
-0.709767
-0.71021
-0.710652
-0.711094
-0.711536
-0.711977
-0.712418
-0.712859
-0.713299
-0.71374
-0.714179
-0.714619
-0.715058
-0.715498
-0.715936
-0.716375
-0.716813
-0.717251
-0.717689
-0.718126
-0.718563
-0.719
-0.719437
-0.719873
-0.720309
-0.720745
-0.72118
-0.721615
-0.72205
-0.722485
-0.722919
-0.723353
-0.723786
-0.72422
-0.724653
-0.725086
-0.725518
-0.725951
-0.726383
-0.726814
-0.727246
-0.727677
-0.728108
-0.728538
-0.728969
-0.729398
-0.729828
-0.730258
-0.730687
-0.731115
-0.731544
-0.731972
-0.7324
-0.732828
-0.733255
-0.733682
-0.734109
-0.734536
-0.734962
-0.735388
-0.735813
-0.736239
-0.736664
-0.737089
-0.737513
-0.737937
-0.738361
-0.738785
-0.739208
-0.739631
-0.740054
-0.740476
-0.740898
-0.74132
-0.741742
-0.742163
-0.742584
-0.743005
-0.743425
-0.743845
-0.744265
-0.744684
-0.745104
-0.745522
-0.745941
-0.746359
-0.746777
-0.747195
-0.747613
-0.74803
-0.748447
-0.748863
-0.749279
-0.749695
-0.750111
-0.750526
-0.750941
-0.751356
-0.751771
-0.752185
-0.752599
-0.753012
-0.753426
-0.753839
-0.754251
-0.754664
-0.755076
-0.755488
-0.755899
-0.75631
-0.756721
-0.757132
-0.757542
-0.757952
-0.758362
-0.758771
-0.75918
-0.759589
-0.759998
-0.760406
-0.760814
-0.761221
-0.761629
-0.762036
-0.762442
-0.762849
-0.763255
-0.763661
-0.764066
-0.764471
-0.764876
-0.765281
-0.765685
-0.766089
-0.766493
-0.766896
-0.767299
-0.767702
-0.768105
-0.768507
-0.768909
-0.76931
-0.769712
-0.770112
-0.770513
-0.770913
-0.771314
-0.771713
-0.772113
-0.772512
-0.772911
-0.773309
-0.773707
-0.774105
-0.774503
-0.7749
-0.775297
-0.775694
-0.77609
-0.776486
-0.776882
-0.777278
-0.777673
-0.778068
-0.778462
-0.778856
-0.77925
-0.779644
-0.780037
-0.78043
-0.780823
-0.781215
-0.781607
-0.781999
-0.782391
-0.782782
-0.783173
-0.783563
-0.783953
-0.784343
-0.784733
-0.785122
-0.785511
-0.7859
-0.786288
-0.786676
-0.787064
-0.787452
-0.787839
-0.788226
-0.788612
-0.788998
-0.789384
-0.78977
-0.790155
-0.79054
-0.790924
-0.791309
-0.791693
-0.792077
-0.79246
-0.792843
-0.793226
-0.793608
-0.79399
-0.794372
-0.794754
-0.795135
-0.795516
-0.795896
-0.796276
-0.796656
-0.797036
-0.797415
-0.797794
-0.798173
-0.798551
-0.798929
-0.799307
-0.799685
-0.800062
-0.800438
-0.800815
-0.801191
-0.801567
-0.801942
-0.802318
-0.802692
-0.803067
-0.803441
-0.803815
-0.804189
-0.804562
-0.804935
-0.805308
-0.80568
-0.806052
-0.806424
-0.806795
-0.807166
-0.807537
-0.807908
-0.808278
-0.808647
-0.809017
-0.809386
-0.809755
-0.810123
-0.810492
-0.810859
-0.811227
-0.811594
-0.811961
-0.812328
-0.812694
-0.81306
-0.813426
-0.813791
-0.814156
-0.814521
-0.814885
-0.815249
-0.815613
-0.815976
-0.816339
-0.816702
-0.817064
-0.817426
-0.817788
-0.81815
-0.818511
-0.818872
-0.819232
-0.819592
-0.819952
-0.820312
-0.820671
-0.82103
-0.821388
-0.821746
-0.822104
-0.822462
-0.822819
-0.823176
-0.823532
-0.823889
-0.824245
-0.8246
-0.824956
-0.825311
-0.825665
-0.826019
-0.826373
-0.826727
-0.82708
-0.827433
-0.827786
-0.828139
-0.828491
-0.828842
-0.829194
-0.829545
-0.829895
-0.830246
-0.830596
-0.830946
-0.831295
-0.831644
-0.831993
-0.832341
-0.832689
-0.833037
-0.833384
-0.833732
-0.834078
-0.834425
-0.834771
-0.835117
-0.835462
-0.835807
-0.836152
-0.836497
-0.836841
-0.837184
-0.837528
-0.837871
-0.838214
-0.838556
-0.838899
-0.83924
-0.839582
-0.839923
-0.840264
-0.840604
-0.840944
-0.841284
-0.841624
-0.841963
-0.842302
-0.84264
-0.842978
-0.843316
-0.843654
-0.843991
-0.844328
-0.844664
-0.845
-0.845336
-0.845672
-0.846007
-0.846342
-0.846676
-0.847011
-0.847344
-0.847678
-0.848011
-0.848344
-0.848676
-0.849008
-0.84934
-0.849672
-0.850003
-0.850334
-0.850664
-0.850994
-0.851324
-0.851654
-0.851983
-0.852312
-0.85264
-0.852968
-0.853296
-0.853623
-0.853951
-0.854277
-0.854604
-0.85493
-0.855256
-0.855581
-0.855906
-0.856231
-0.856555
-0.856879
-0.857203
-0.857527
-0.85785
-0.858172
-0.858495
-0.858817
-0.859138
-0.85946
-0.859781
-0.860102
-0.860422
-0.860742
-0.861062
-0.861381
-0.8617
-0.862019
-0.862337
-0.862655
-0.862972
-0.86329
-0.863607
-0.863923
-0.86424
-0.864556
-0.864871
-0.865186
-0.865501
-0.865816
-0.86613
-0.866444
-0.866757
-0.867071
-0.867383
-0.867696
-0.868008
-0.86832
-0.868631
-0.868943
-0.869253
-0.869564
-0.869874
-0.870184
-0.870493
-0.870802
-0.871111
-0.871419
-0.871727
-0.872035
-0.872342
-0.872649
-0.872956
-0.873262
-0.873568
-0.873874
-0.874179
-0.874484
-0.874789
-0.875093
-0.875397
-0.8757
-0.876004
-0.876307
-0.876609
-0.876911
-0.877213
-0.877515
-0.877816
-0.878117
-0.878417
-0.878717
-0.879017
-0.879316
-0.879615
-0.879914
-0.880212
-0.88051
-0.880808
-0.881105
-0.881402
-0.881699
-0.881995
-0.882291
-0.882587
-0.882882
-0.883177
-0.883471
-0.883766
-0.884059
-0.884353
-0.884646
-0.884939
-0.885231
-0.885523
-0.885815
-0.886106
-0.886397
-0.886688
-0.886978
-0.887268
-0.887558
-0.887847
-0.888136
-0.888425
-0.888713
-0.889001
-0.889289
-0.889576
-0.889863
-0.890149
-0.890435
-0.890721
-0.891006
-0.891291
-0.891576
-0.891861
-0.892145
-0.892428
-0.892712
-0.892995
-0.893277
-0.893559
-0.893841
-0.894123
-0.894404
-0.894685
-0.894965
-0.895246
-0.895525
-0.895805
-0.896084
-0.896363
-0.896641
-0.896919
-0.897197
-0.897474
-0.897751
-0.898027
-0.898304
-0.89858
-0.898855
-0.89913
-0.899405
-0.89968
-0.899954
-0.900227
-0.900501
-0.900774
-0.901047
-0.901319
-0.901591
-0.901863
-0.902134
-0.902405
-0.902675
-0.902946
-0.903215
-0.903485
-0.903754
-0.904023
-0.904291
-0.904559
-0.904827
-0.905094
-0.905361
-0.905628
-0.905894
-0.90616
-0.906426
-0.906691
-0.906956
-0.90722
-0.907484
-0.907748
-0.908011
-0.908275
-0.908537
-0.9088
-0.909062
-0.909323
-0.909584
-0.909845
-0.910106
-0.910366
-0.910626
-0.910885
-0.911144
-0.911403
-0.911662
-0.91192
-0.912177
-0.912435
-0.912691
-0.912948
-0.913204
-0.91346
-0.913716
-0.913971
-0.914226
-0.91448
-0.914734
-0.914988
-0.915241
-0.915494
-0.915747
-0.915999
-0.916251
-0.916502
-0.916753
-0.917004
-0.917255
-0.917505
-0.917755
-0.918004
-0.918253
-0.918501
-0.91875
-0.918998
-0.919245
-0.919492
-0.919739
-0.919986
-0.920232
-0.920477
-0.920723
-0.920968
-0.921212
-0.921457
-0.921701
-0.921944
-0.922187
-0.92243
-0.922673
-0.922915
-0.923156
-0.923398
-0.923639
-0.923879
-0.92412
-0.92436
-0.924599
-0.924838
-0.925077
-0.925316
-0.925554
-0.925791
-0.926029
-0.926266
-0.926502
-0.926739
-0.926974
-0.92721
-0.927445
-0.92768
-0.927914
-0.928148
-0.928382
-0.928615
-0.928848
-0.929081
-0.929313
-0.929545
-0.929776
-0.930007
-0.930238
-0.930469
-0.930699
-0.930928
-0.931158
-0.931386
-0.931615
-0.931843
-0.932071
-0.932298
-0.932526
-0.932752
-0.932979
-0.933205
-0.93343
-0.933655
-0.93388
-0.934105
-0.934329
-0.934553
-0.934776
-0.934999
-0.935222
-0.935444
-0.935666
-0.935887
-0.936109
-0.936329
-0.93655
-0.93677
-0.93699
-0.937209
-0.937428
-0.937646
-0.937865
-0.938082
-0.9383
-0.938517
-0.938734
-0.93895
-0.939166
-0.939382
-0.939597
-0.939812
-0.940026
-0.94024
-0.940454
-0.940668
-0.940881
-0.941093
-0.941306
-0.941517
-0.941729
-0.94194
-0.942151
-0.942361
-0.942571
-0.942781
-0.94299
-0.943199
-0.943408
-0.943616
-0.943824
-0.944031
-0.944238
-0.944445
-0.944651
-0.944857
-0.945063
-0.945268
-0.945473
-0.945677
-0.945882
-0.946085
-0.946289
-0.946492
-0.946694
-0.946896
-0.947098
-0.9473
-0.947501
-0.947701
-0.947902
-0.948102
-0.948301
-0.948501
-0.948699
-0.948898
-0.949096
-0.949294
-0.949491
-0.949688
-0.949885
-0.950081
-0.950277
-0.950472
-0.950667
-0.950862
-0.951056
-0.95125
-0.951444
-0.951637
-0.95183
-0.952023
-0.952215
-0.952406
-0.952598
-0.952789
-0.952979
-0.953169
-0.953359
-0.953549
-0.953738
-0.953927
-0.954115
-0.954303
-0.95449
-0.954678
-0.954864
-0.955051
-0.955237
-0.955423
-0.955608
-0.955793
-0.955977
-0.956162
-0.956345
-0.956529
-0.956712
-0.956895
-0.957077
-0.957259
-0.95744
-0.957622
-0.957802
-0.957983
-0.958163
-0.958342
-0.958522
-0.958701
-0.958879
-0.959057
-0.959235
-0.959412
-0.959589
-0.959766
-0.959942
-0.960118
-0.960294
-0.960469
-0.960643
-0.960818
-0.960992
-0.961165
-0.961339
-0.961511
-0.961684
-0.961856
-0.962028
-0.962199
-0.96237
-0.96254
-0.962711
-0.96288
-0.96305
-0.963219
-0.963387
-0.963556
-0.963724
-0.963891
-0.964058
-0.964225
-0.964391
-0.964557
-0.964723
-0.964888
-0.965053
-0.965217
-0.965382
-0.965545
-0.965709
-0.965871
-0.966034
-0.966196
-0.966358
-0.966519
-0.96668
-0.966841
-0.967001
-0.967161
-0.967321
-0.96748
-0.967639
-0.967797
-0.967955
-0.968113
-0.96827
-0.968427
-0.968583
-0.968739
-0.968895
-0.96905
-0.969205
-0.96936
-0.969514
-0.969667
-0.969821
-0.969974
-0.970126
-0.970279
-0.970431
-0.970582
-0.970733
-0.970884
-0.971034
-0.971184
-0.971334
-0.971483
-0.971632
-0.97178
-0.971928
-0.972076
-0.972223
-0.97237
-0.972516
-0.972662
-0.972808
-0.972953
-0.973098
-0.973243
-0.973387
-0.973531
-0.973674
-0.973817
-0.97396
-0.974102
-0.974244
-0.974386
-0.974527
-0.974667
-0.974808
-0.974948
-0.975087
-0.975227
-0.975365
-0.975504
-0.975642
-0.975779
-0.975917
-0.976054
-0.97619
-0.976326
-0.976462
-0.976597
-0.976732
-0.976867
-0.977001
-0.977135
-0.977268
-0.977401
-0.977534
-0.977666
-0.977798
-0.977929
-0.97806
-0.978191
-0.978321
-0.978451
-0.978581
-0.97871
-0.978839
-0.978967
-0.979095
-0.979223
-0.97935
-0.979477
-0.979603
-0.979729
-0.979855
-0.97998
-0.980105
-0.98023
-0.980354
-0.980478
-0.980601
-0.980724
-0.980846
-0.980969
-0.98109
-0.981212
-0.981333
-0.981453
-0.981574
-0.981694
-0.981813
-0.981932
-0.982051
-0.982169
-0.982287
-0.982405
-0.982522
-0.982639
-0.982755
-0.982871
-0.982987
-0.983102
-0.983217
-0.983331
-0.983445
-0.983559
-0.983672
-0.983785
-0.983897
-0.98401
-0.984121
-0.984233
-0.984344
-0.984454
-0.984564
-0.984674
-0.984783
-0.984892
-0.985001
-0.985109
-0.985217
-0.985324
-0.985432
-0.985538
-0.985644
-0.98575
-0.985856
-0.985961
-0.986066
-0.98617
-0.986274
-0.986378
-0.986481
-0.986583
-0.986686
-0.986788
-0.986889
-0.986991
-0.987091
-0.987192
-0.987292
-0.987392
-0.987491
-0.98759
-0.987688
-0.987786
-0.987884
-0.987981
-0.988078
-0.988175
-0.988271
-0.988367
-0.988462
-0.988557
-0.988652
-0.988746
-0.98884
-0.988933
-0.989026
-0.989119
-0.989211
-0.989303
-0.989394
-0.989485
-0.989576
-0.989666
-0.989756
-0.989846
-0.989935
-0.990024
-0.990112
-0.9902
-0.990287
-0.990375
-0.990461
-0.990548
-0.990634
-0.990719
-0.990804
-0.990889
-0.990974
-0.991058
-0.991141
-0.991225
-0.991308
-0.99139
-0.991472
-0.991554
-0.991635
-0.991716
-0.991796
-0.991877
-0.991956
-0.992036
-0.992115
-0.992193
-0.992271
-0.992349
-0.992426
-0.992503
-0.99258
-0.992656
-0.992732
-0.992807
-0.992882
-0.992957
-0.993031
-0.993105
-0.993179
-0.993252
-0.993324
-0.993397
-0.993469
-0.99354
-0.993611
-0.993682
-0.993752
-0.993822
-0.993892
-0.993961
-0.99403
-0.994098
-0.994166
-0.994233
-0.994301
-0.994367
-0.994434
-0.9945
-0.994565
-0.994631
-0.994696
-0.99476
-0.994824
-0.994888
-0.994951
-0.995014
-0.995076
-0.995138
-0.9952
-0.995261
-0.995322
-0.995383
-0.995443
-0.995503
-0.995562
-0.995621
-0.995679
-0.995737
-0.995795
-0.995853
-0.99591
-0.995966
-0.996022
-0.996078
-0.996133
-0.996188
-0.996243
-0.996297
-0.996351
-0.996405
-0.996458
-0.99651
-0.996562
-0.996614
-0.996666
-0.996717
-0.996768
-0.996818
-0.996868
-0.996917
-0.996966
-0.997015
-0.997063
-0.997111
-0.997159
-0.997206
-0.997253
-0.997299
-0.997345
-0.997391
-0.997436
-0.99748
-0.997525
-0.997569
-0.997612
-0.997656
-0.997698
-0.997741
-0.997783
-0.997824
-0.997866
-0.997906
-0.997947
-0.997987
-0.998027
-0.998066
-0.998105
-0.998143
-0.998181
-0.998219
-0.998256
-0.998293
-0.99833
-0.998366
-0.998401
-0.998437
-0.998472
-0.998506
-0.99854
-0.998574
-0.998607
-0.99864
-0.998673
-0.998705
-0.998737
-0.998768
-0.998799
-0.99883
-0.99886
-0.99889
-0.998919
-0.998948
-0.998977
-0.999005
-0.999033
-0.99906
-0.999087
-0.999114
-0.99914
-0.999166
-0.999191
-0.999217
-0.999241
-0.999265
-0.999289
-0.999313
-0.999336
-0.999359
-0.999381
-0.999403
-0.999424
-0.999445
-0.999466
-0.999487
-0.999506
-0.999526
-0.999545
-0.999564
-0.999582
-0.9996
-0.999618
-0.999635
-0.999652
-0.999668
-0.999684
-0.9997
-0.999715
-0.99973
-0.999744
-0.999758
-0.999772
-0.999785
-0.999798
-0.99981
-0.999822
-0.999834
-0.999845
-0.999856
-0.999866
-0.999877
-0.999886
-0.999895
-0.999904
-0.999913
-0.999921
-0.999929
-0.999936
-0.999943
-0.999949
-0.999955
-0.999961
-0.999967
-0.999971
-0.999976
-0.99998
-0.999984
-0.999987
-0.99999
-0.999993
-0.999995
-0.999997
-0.999998
-0.999999
-1
-1
-1
-0.999999
-0.999998
-0.999997
-0.999995
-0.999993
-0.99999
-0.999987
-0.999984
-0.99998
-0.999976
-0.999971
-0.999967
-0.999961
-0.999955
-0.999949
-0.999943
-0.999936
-0.999929
-0.999921
-0.999913
-0.999904
-0.999895
-0.999886
-0.999877
-0.999866
-0.999856
-0.999845
-0.999834
-0.999822
-0.99981
-0.999798
-0.999785
-0.999772
-0.999758
-0.999744
-0.99973
-0.999715
-0.9997
-0.999684
-0.999668
-0.999652
-0.999635
-0.999618
-0.9996
-0.999582
-0.999564
-0.999545
-0.999526
-0.999506
-0.999487
-0.999466
-0.999445
-0.999424
-0.999403
-0.999381
-0.999359
-0.999336
-0.999313
-0.999289
-0.999265
-0.999241
-0.999217
-0.999191
-0.999166
-0.99914
-0.999114
-0.999087
-0.99906
-0.999033
-0.999005
-0.998977
-0.998948
-0.998919
-0.99889
-0.99886
-0.99883
-0.998799
-0.998768
-0.998737
-0.998705
-0.998673
-0.99864
-0.998607
-0.998574
-0.99854
-0.998506
-0.998472
-0.998437
-0.998401
-0.998366
-0.99833
-0.998293
-0.998256
-0.998219
-0.998181
-0.998143
-0.998105
-0.998066
-0.998027
-0.997987
-0.997947
-0.997906
-0.997866
-0.997824
-0.997783
-0.997741
-0.997698
-0.997656
-0.997612
-0.997569
-0.997525
-0.99748
-0.997436
-0.997391
-0.997345
-0.997299
-0.997253
-0.997206
-0.997159
-0.997111
-0.997063
-0.997015
-0.996966
-0.996917
-0.996868
-0.996818
-0.996768
-0.996717
-0.996666
-0.996614
-0.996562
-0.99651
-0.996458
-0.996405
-0.996351
-0.996297
-0.996243
-0.996188
-0.996133
-0.996078
-0.996022
-0.995966
-0.99591
-0.995853
-0.995795
-0.995737
-0.995679
-0.995621
-0.995562
-0.995503
-0.995443
-0.995383
-0.995322
-0.995261
-0.9952
-0.995138
-0.995076
-0.995014
-0.994951
-0.994888
-0.994824
-0.99476
-0.994696
-0.994631
-0.994565
-0.9945
-0.994434
-0.994367
-0.994301
-0.994233
-0.994166
-0.994098
-0.99403
-0.993961
-0.993892
-0.993822
-0.993752
-0.993682
-0.993611
-0.99354
-0.993469
-0.993397
-0.993324
-0.993252
-0.993179
-0.993105
-0.993031
-0.992957
-0.992882
-0.992807
-0.992732
-0.992656
-0.99258
-0.992503
-0.992426
-0.992349
-0.992271
-0.992193
-0.992115
-0.992036
-0.991956
-0.991877
-0.991796
-0.991716
-0.991635
-0.991554
-0.991472
-0.99139
-0.991308
-0.991225
-0.991141
-0.991058
-0.990974
-0.990889
-0.990804
-0.990719
-0.990634
-0.990548
-0.990461
-0.990375
-0.990287
-0.9902
-0.990112
-0.990024
-0.989935
-0.989846
-0.989756
-0.989666
-0.989576
-0.989485
-0.989394
-0.989303
-0.989211
-0.989119
-0.989026
-0.988933
-0.98884
-0.988746
-0.988652
-0.988557
-0.988462
-0.988367
-0.988271
-0.988175
-0.988078
-0.987981
-0.987884
-0.987786
-0.987688
-0.98759
-0.987491
-0.987392
-0.987292
-0.987192
-0.987091
-0.986991
-0.986889
-0.986788
-0.986686
-0.986583
-0.986481
-0.986378
-0.986274
-0.98617
-0.986066
-0.985961
-0.985856
-0.98575
-0.985644
-0.985538
-0.985432
-0.985324
-0.985217
-0.985109
-0.985001
-0.984892
-0.984783
-0.984674
-0.984564
-0.984454
-0.984344
-0.984233
-0.984121
-0.98401
-0.983897
-0.983785
-0.983672
-0.983559
-0.983445
-0.983331
-0.983217
-0.983102
-0.982987
-0.982871
-0.982755
-0.982639
-0.982522
-0.982405
-0.982287
-0.982169
-0.982051
-0.981932
-0.981813
-0.981694
-0.981574
-0.981453
-0.981333
-0.981212
-0.98109
-0.980969
-0.980846
-0.980724
-0.980601
-0.980478
-0.980354
-0.98023
-0.980105
-0.97998
-0.979855
-0.979729
-0.979603
-0.979477
-0.97935
-0.979223
-0.979095
-0.978967
-0.978839
-0.97871
-0.978581
-0.978451
-0.978321
-0.978191
-0.97806
-0.977929
-0.977798
-0.977666
-0.977534
-0.977401
-0.977268
-0.977135
-0.977001
-0.976867
-0.976732
-0.976597
-0.976462
-0.976326
-0.97619
-0.976054
-0.975917
-0.975779
-0.975642
-0.975504
-0.975365
-0.975227
-0.975087
-0.974948
-0.974808
-0.974667
-0.974527
-0.974386
-0.974244
-0.974102
-0.97396
-0.973817
-0.973674
-0.973531
-0.973387
-0.973243
-0.973098
-0.972953
-0.972808
-0.972662
-0.972516
-0.97237
-0.972223
-0.972076
-0.971928
-0.97178
-0.971632
-0.971483
-0.971334
-0.971184
-0.971034
-0.970884
-0.970733
-0.970582
-0.970431
-0.970279
-0.970126
-0.969974
-0.969821
-0.969667
-0.969514
-0.96936
-0.969205
-0.96905
-0.968895
-0.968739
-0.968583
-0.968427
-0.96827
-0.968113
-0.967955
-0.967797
-0.967639
-0.96748
-0.967321
-0.967161
-0.967001
-0.966841
-0.96668
-0.966519
-0.966358
-0.966196
-0.966034
-0.965871
-0.965709
-0.965545
-0.965382
-0.965217
-0.965053
-0.964888
-0.964723
-0.964557
-0.964391
-0.964225
-0.964058
-0.963891
-0.963724
-0.963556
-0.963387
-0.963219
-0.96305
-0.96288
-0.962711
-0.96254
-0.96237
-0.962199
-0.962028
-0.961856
-0.961684
-0.961511
-0.961339
-0.961165
-0.960992
-0.960818
-0.960643
-0.960469
-0.960294
-0.960118
-0.959942
-0.959766
-0.959589
-0.959412
-0.959235
-0.959057
-0.958879
-0.958701
-0.958522
-0.958342
-0.958163
-0.957983
-0.957802
-0.957622
-0.95744
-0.957259
-0.957077
-0.956895
-0.956712
-0.956529
-0.956345
-0.956162
-0.955977
-0.955793
-0.955608
-0.955423
-0.955237
-0.955051
-0.954864
-0.954678
-0.95449
-0.954303
-0.954115
-0.953927
-0.953738
-0.953549
-0.953359
-0.953169
-0.952979
-0.952789
-0.952598
-0.952406
-0.952215
-0.952023
-0.95183
-0.951637
-0.951444
-0.95125
-0.951056
-0.950862
-0.950667
-0.950472
-0.950277
-0.950081
-0.949885
-0.949688
-0.949491
-0.949294
-0.949096
-0.948898
-0.948699
-0.948501
-0.948301
-0.948102
-0.947902
-0.947701
-0.947501
-0.9473
-0.947098
-0.946896
-0.946694
-0.946492
-0.946289
-0.946085
-0.945882
-0.945677
-0.945473
-0.945268
-0.945063
-0.944857
-0.944651
-0.944445
-0.944238
-0.944031
-0.943824
-0.943616
-0.943408
-0.943199
-0.94299
-0.942781
-0.942571
-0.942361
-0.942151
-0.94194
-0.941729
-0.941517
-0.941306
-0.941093
-0.940881
-0.940668
-0.940454
-0.94024
-0.940026
-0.939812
-0.939597
-0.939382
-0.939166
-0.93895
-0.938734
-0.938517
-0.9383
-0.938082
-0.937865
-0.937646
-0.937428
-0.937209
-0.93699
-0.93677
-0.93655
-0.936329
-0.936109
-0.935887
-0.935666
-0.935444
-0.935222
-0.934999
-0.934776
-0.934553
-0.934329
-0.934105
-0.93388
-0.933655
-0.93343
-0.933205
-0.932979
-0.932752
-0.932526
-0.932298
-0.932071
-0.931843
-0.931615
-0.931386
-0.931158
-0.930928
-0.930699
-0.930469
-0.930238
-0.930007
-0.929776
-0.929545
-0.929313
-0.929081
-0.928848
-0.928615
-0.928382
-0.928148
-0.927914
-0.92768
-0.927445
-0.92721
-0.926974
-0.926739
-0.926502
-0.926266
-0.926029
-0.925791
-0.925554
-0.925316
-0.925077
-0.924838
-0.924599
-0.92436
-0.92412
-0.923879
-0.923639
-0.923398
-0.923156
-0.922915
-0.922673
-0.92243
-0.922187
-0.921944
-0.921701
-0.921457
-0.921212
-0.920968
-0.920723
-0.920477
-0.920232
-0.919986
-0.919739
-0.919492
-0.919245
-0.918998
-0.91875
-0.918501
-0.918253
-0.918004
-0.917755
-0.917505
-0.917255
-0.917004
-0.916753
-0.916502
-0.916251
-0.915999
-0.915747
-0.915494
-0.915241
-0.914988
-0.914734
-0.91448
-0.914226
-0.913971
-0.913716
-0.91346
-0.913204
-0.912948
-0.912691
-0.912435
-0.912177
-0.91192
-0.911662
-0.911403
-0.911144
-0.910885
-0.910626
-0.910366
-0.910106
-0.909845
-0.909584
-0.909323
-0.909062
-0.9088
-0.908537
-0.908275
-0.908011
-0.907748
-0.907484
-0.90722
-0.906956
-0.906691
-0.906426
-0.90616
-0.905894
-0.905628
-0.905361
-0.905094
-0.904827
-0.904559
-0.904291
-0.904023
-0.903754
-0.903485
-0.903215
-0.902946
-0.902675
-0.902405
-0.902134
-0.901863
-0.901591
-0.901319
-0.901047
-0.900774
-0.900501
-0.900227
-0.899954
-0.89968
-0.899405
-0.89913
-0.898855
-0.89858
-0.898304
-0.898027
-0.897751
-0.897474
-0.897197
-0.896919
-0.896641
-0.896363
-0.896084
-0.895805
-0.895525
-0.895246
-0.894965
-0.894685
-0.894404
-0.894123
-0.893841
-0.893559
-0.893277
-0.892995
-0.892712
-0.892428
-0.892145
-0.891861
-0.891576
-0.891291
-0.891006
-0.890721
-0.890435
-0.890149
-0.889863
-0.889576
-0.889289
-0.889001
-0.888713
-0.888425
-0.888136
-0.887847
-0.887558
-0.887268
-0.886978
-0.886688
-0.886397
-0.886106
-0.885815
-0.885523
-0.885231
-0.884939
-0.884646
-0.884353
-0.884059
-0.883766
-0.883471
-0.883177
-0.882882
-0.882587
-0.882291
-0.881995
-0.881699
-0.881402
-0.881105
-0.880808
-0.88051
-0.880212
-0.879914
-0.879615
-0.879316
-0.879017
-0.878717
-0.878417
-0.878117
-0.877816
-0.877515
-0.877213
-0.876911
-0.876609
-0.876307
-0.876004
-0.8757
-0.875397
-0.875093
-0.874789
-0.874484
-0.874179
-0.873874
-0.873568
-0.873262
-0.872956
-0.872649
-0.872342
-0.872035
-0.871727
-0.871419
-0.871111
-0.870802
-0.870493
-0.870184
-0.869874
-0.869564
-0.869253
-0.868943
-0.868631
-0.86832
-0.868008
-0.867696
-0.867383
-0.867071
-0.866757
-0.866444
-0.86613
-0.865816
-0.865501
-0.865186
-0.864871
-0.864556
-0.86424
-0.863923
-0.863607
-0.86329
-0.862972
-0.862655
-0.862337
-0.862019
-0.8617
-0.861381
-0.861062
-0.860742
-0.860422
-0.860102
-0.859781
-0.85946
-0.859138
-0.858817
-0.858495
-0.858172
-0.85785
-0.857527
-0.857203
-0.856879
-0.856555
-0.856231
-0.855906
-0.855581
-0.855256
-0.85493
-0.854604
-0.854277
-0.853951
-0.853623
-0.853296
-0.852968
-0.85264
-0.852312
-0.851983
-0.851654
-0.851324
-0.850994
-0.850664
-0.850334
-0.850003
-0.849672
-0.84934
-0.849008
-0.848676
-0.848344
-0.848011
-0.847678
-0.847344
-0.847011
-0.846676
-0.846342
-0.846007
-0.845672
-0.845336
-0.845
-0.844664
-0.844328
-0.843991
-0.843654
-0.843316
-0.842978
-0.84264
-0.842302
-0.841963
-0.841624
-0.841284
-0.840944
-0.840604
-0.840264
-0.839923
-0.839582
-0.83924
-0.838899
-0.838556
-0.838214
-0.837871
-0.837528
-0.837184
-0.836841
-0.836497
-0.836152
-0.835807
-0.835462
-0.835117
-0.834771
-0.834425
-0.834078
-0.833732
-0.833384
-0.833037
-0.832689
-0.832341
-0.831993
-0.831644
-0.831295
-0.830946
-0.830596
-0.830246
-0.829895
-0.829545
-0.829194
-0.828842
-0.828491
-0.828139
-0.827786
-0.827433
-0.82708
-0.826727
-0.826373
-0.82602
-0.825665
-0.825311
-0.824956
-0.8246
-0.824245
-0.823889
-0.823532
-0.823176
-0.822819
-0.822462
-0.822104
-0.821746
-0.821388
-0.82103
-0.820671
-0.820312
-0.819952
-0.819592
-0.819232
-0.818872
-0.818511
-0.81815
-0.817788
-0.817426
-0.817064
-0.816702
-0.816339
-0.815976
-0.815613
-0.815249
-0.814885
-0.814521
-0.814156
-0.813791
-0.813426
-0.81306
-0.812694
-0.812328
-0.811961
-0.811594
-0.811227
-0.810859
-0.810492
-0.810123
-0.809755
-0.809386
-0.809017
-0.808647
-0.808278
-0.807908
-0.807537
-0.807166
-0.806795
-0.806424
-0.806052
-0.80568
-0.805308
-0.804935
-0.804562
-0.804189
-0.803815
-0.803441
-0.803067
-0.802692
-0.802318
-0.801942
-0.801567
-0.801191
-0.800815
-0.800438
-0.800062
-0.799685
-0.799307
-0.798929
-0.798551
-0.798173
-0.797794
-0.797415
-0.797036
-0.796656
-0.796276
-0.795896
-0.795516
-0.795135
-0.794754
-0.794372
-0.79399
-0.793608
-0.793226
-0.792843
-0.79246
-0.792077
-0.791693
-0.791309
-0.790924
-0.79054
-0.790155
-0.78977
-0.789384
-0.788998
-0.788612
-0.788226
-0.787839
-0.787452
-0.787064
-0.786676
-0.786288
-0.7859
-0.785511
-0.785122
-0.784733
-0.784343
-0.783953
-0.783563
-0.783173
-0.782782
-0.782391
-0.781999
-0.781607
-0.781215
-0.780823
-0.78043
-0.780037
-0.779644
-0.77925
-0.778856
-0.778462
-0.778068
-0.777673
-0.777278
-0.776882
-0.776486
-0.77609
-0.775694
-0.775297
-0.7749
-0.774503
-0.774105
-0.773707
-0.773309
-0.772911
-0.772512
-0.772113
-0.771713
-0.771314
-0.770914
-0.770513
-0.770112
-0.769712
-0.76931
-0.768909
-0.768507
-0.768105
-0.767702
-0.767299
-0.766896
-0.766493
-0.766089
-0.765685
-0.765281
-0.764876
-0.764471
-0.764066
-0.763661
-0.763255
-0.762849
-0.762442
-0.762036
-0.761629
-0.761221
-0.760814
-0.760406
-0.759998
-0.759589
-0.75918
-0.758771
-0.758362
-0.757952
-0.757542
-0.757132
-0.756721
-0.75631
-0.755899
-0.755488
-0.755076
-0.754664
-0.754251
-0.753839
-0.753426
-0.753012
-0.752599
-0.752185
-0.751771
-0.751356
-0.750941
-0.750526
-0.750111
-0.749695
-0.749279
-0.748863
-0.748447
-0.74803
-0.747613
-0.747195
-0.746777
-0.746359
-0.745941
-0.745522
-0.745104
-0.744684
-0.744265
-0.743845
-0.743425
-0.743005
-0.742584
-0.742163
-0.741742
-0.74132
-0.740898
-0.740476
-0.740054
-0.739631
-0.739208
-0.738785
-0.738361
-0.737937
-0.737513
-0.737089
-0.736664
-0.736239
-0.735813
-0.735388
-0.734962
-0.734536
-0.734109
-0.733682
-0.733255
-0.732828
-0.7324
-0.731972
-0.731544
-0.731116
-0.730687
-0.730258
-0.729828
-0.729399
-0.728969
-0.728538
-0.728108
-0.727677
-0.727246
-0.726814
-0.726383
-0.725951
-0.725518
-0.725086
-0.724653
-0.72422
-0.723786
-0.723353
-0.722919
-0.722485
-0.72205
-0.721615
-0.72118
-0.720745
-0.720309
-0.719873
-0.719437
-0.719
-0.718563
-0.718126
-0.717689
-0.717251
-0.716813
-0.716375
-0.715936
-0.715498
-0.715058
-0.714619
-0.714179
-0.71374
-0.713299
-0.712859
-0.712418
-0.711977
-0.711536
-0.711094
-0.710652
-0.71021
-0.709767
-0.709325
-0.708882
-0.708438
-0.707995
-0.707551
-0.707107
-0.706662
-0.706218
-0.705773
-0.705327
-0.704882
-0.704436
-0.70399
-0.703543
-0.703097
-0.70265
-0.702203
-0.701755
-0.701307
-0.700859
-0.700411
-0.699962
-0.699514
-0.699064
-0.698615
-0.698165
-0.697715
-0.697265
-0.696815
-0.696364
-0.695913
-0.695461
-0.69501
-0.694558
-0.694106
-0.693653
-0.6932
-0.692748
-0.692294
-0.691841
-0.691387
-0.690933
-0.690478
-0.690024
-0.689569
-0.689114
-0.688658
-0.688203
-0.687747
-0.68729
-0.686834
-0.686377
-0.68592
-0.685463
-0.685005
-0.684547
-0.684089
-0.68363
-0.683172
-0.682713
-0.682254
-0.681794
-0.681334
-0.680874
-0.680414
-0.679953
-0.679492
-0.679031
-0.67857
-0.678108
-0.677646
-0.677184
-0.676722
-0.676259
-0.675796
-0.675333
-0.674869
-0.674405
-0.673941
-0.673477
-0.673012
-0.672548
-0.672082
-0.671617
-0.671151
-0.670685
-0.670219
-0.669753
-0.669286
-0.668819
-0.668352
-0.667884
-0.667417
-0.666949
-0.66648
-0.666012
-0.665543
-0.665074
-0.664605
-0.664135
-0.663665
-0.663195
-0.662725
-0.662254
-0.661783
-0.661312
-0.66084
-0.660369
-0.659897
-0.659424
-0.658952
-0.658479
-0.658006
-0.657533
-0.657059
-0.656586
-0.656112
-0.655637
-0.655163
-0.654688
-0.654213
-0.653738
-0.653262
-0.652786
-0.65231
-0.651834
-0.651357
-0.65088
-0.650403
-0.649926
-0.649448
-0.64897
-0.648492
-0.648013
-0.647535
-0.647056
-0.646577
-0.646097
-0.645618
-0.645138
-0.644657
-0.644177
-0.643696
-0.643215
-0.642734
-0.642253
-0.641771
-0.641289
-0.640807
-0.640324
-0.639841
-0.639358
-0.638875
-0.638392
-0.637908
-0.637424
-0.63694
-0.636455
-0.63597
-0.635485
-0.635
-0.634515
-0.634029
-0.633543
-0.633057
-0.63257
-0.632083
-0.631596
-0.631109
-0.630622
-0.630134
-0.629646
-0.629158
-0.628669
-0.62818
-0.627691
-0.627202
-0.626713
-0.626223
-0.625733
-0.625243
-0.624752
-0.624261
-0.62377
-0.623279
-0.622788
-0.622296
-0.621804
-0.621312
-0.620819
-0.620327
-0.619834
-0.619341
-0.618847
-0.618353
-0.61786
-0.617365
-0.616871
-0.616376
-0.615881
-0.615386
-0.614891
-0.614395
-0.613899
-0.613403
-0.612907
-0.61241
-0.611914
-0.611416
-0.610919
-0.610422
-0.609924
-0.609426
-0.608927
-0.608429
-0.60793
-0.607431
-0.606932
-0.606432
-0.605933
-0.605433
-0.604933
-0.604432
-0.603932
-0.603431
-0.602929
-0.602428
-0.601926
-0.601425
-0.600922
-0.60042
-0.599918
-0.599415
-0.598912
-0.598408
-0.597905
-0.597401
-0.596897
-0.596393
-0.595888
-0.595384
-0.594879
-0.594374
-0.593868
-0.593363
-0.592857
-0.592351
-0.591844
-0.591338
-0.590831
-0.590324
-0.589817
-0.589309
-0.588801
-0.588293
-0.587785
-0.587277
-0.586768
-0.586259
-0.58575
-0.585241
-0.584731
-0.584221
-0.583711
-0.583201
-0.58269
-0.58218
-0.581669
-0.581157
-0.580646
-0.580134
-0.579622
-0.57911
-0.578598
-0.578085
-0.577573
-0.57706
-0.576546
-0.576033
-0.575519
-0.575005
-0.574491
-0.573977
-0.573462
-0.572947
-0.572432
-0.571917
-0.571401
-0.570885
-0.570369
-0.569853
-0.569337
-0.56882
-0.568303
-0.567786
-0.567269
-0.566751
-0.566234
-0.565716
-0.565197
-0.564679
-0.56416
-0.563641
-0.563122
-0.562603
-0.562083
-0.561564
-0.561044
-0.560523
-0.560003
-0.559482
-0.558961
-0.55844
-0.557919
-0.557397
-0.556876
-0.556354
-0.555831
-0.555309
-0.554786
-0.554263
-0.55374
-0.553217
-0.552693
-0.55217
-0.551646
-0.551122
-0.550597
-0.550073
-0.549548
-0.549023
-0.548497
-0.547972
-0.547446
-0.54692
-0.546394
-0.545868
-0.545341
-0.544815
-0.544288
-0.54376
-0.543233
-0.542705
-0.542178
-0.541649
-0.541121
-0.540593
-0.540064
-0.539535
-0.539006
-0.538477
-0.537947
-0.537417
-0.536887
-0.536357
-0.535827
-0.535296
-0.534765
-0.534234
-0.533703
-0.533172
-0.53264
-0.532108
-0.531576
-0.531044
-0.530511
-0.529978
-0.529445
-0.528912
-0.528379
-0.527845
-0.527312
-0.526778
-0.526244
-0.525709
-0.525175
-0.52464
-0.524105
-0.52357
-0.523034
-0.522498
-0.521963
-0.521427
-0.52089
-0.520354
-0.519817
-0.51928
-0.518743
-0.518206
-0.517669
-0.517131
-0.516593
-0.516055
-0.515517
-0.514978
-0.514439
-0.513901
-0.513361
-0.512822
-0.512283
-0.511743
-0.511203
-0.510663
-0.510123
-0.509582
-0.509041
-0.5085
-0.507959
-0.507418
-0.506876
-0.506335
-0.505793
-0.505251
-0.504708
-0.504166
-0.503623
-0.50308
-0.502537
-0.501994
-0.50145
-0.500907
-0.500363
-0.499819
-0.499274
-0.49873
-0.498185
-0.49764
-0.497095
-0.49655
-0.496004
-0.495459
-0.494913
-0.494367
-0.49382
-0.493274
-0.492727
-0.49218
-0.491633
-0.491086
-0.490539
-0.489991
-0.489443
-0.488895
-0.488347
-0.487799
-0.48725
-0.486701
-0.486152
-0.485603
-0.485054
-0.484504
-0.483954
-0.483405
-0.482854
-0.482304
-0.481754
-0.481203
-0.480652
-0.480101
-0.47955
-0.478998
-0.478447
-0.477895
-0.477343
-0.476791
-0.476238
-0.475686
-0.475133
-0.47458
-0.474027
-0.473473
-0.47292
-0.472366
-0.471812
-0.471258
-0.470704
-0.470149
-0.469595
-0.46904
-0.468485
-0.46793
-0.467374
-0.466819
-0.466263
-0.465707
-0.465151
-0.464595
-0.464038
-0.463482
-0.462925
-0.462368
-0.46181
-0.461253
-0.460695
-0.460138
-0.45958
-0.459022
-0.458463
-0.457905
-0.457346
-0.456787
-0.456228
-0.455669
-0.45511
-0.45455
-0.45399
-0.453431
-0.45287
-0.45231
-0.45175
-0.451189
-0.450628
-0.450067
-0.449506
-0.448945
-0.448383
-0.447821
-0.44726
-0.446697
-0.446135
-0.445573
-0.44501
-0.444447
-0.443885
-0.443321
-0.442758
-0.442195
-0.441631
-0.441067
-0.440503
-0.439939
-0.439375
-0.43881
-0.438246
-0.437681
-0.437116
-0.43655
-0.435985
-0.43542
-0.434854
-0.434288
-0.433722
-0.433156
-0.432589
-0.432023
-0.431456
-0.430889
-0.430322
-0.429755
-0.429187
-0.42862
-0.428052
-0.427484
-0.426916
-0.426348
-0.425779
-0.425211
-0.424642
-0.424073
-0.423504
-0.422935
-0.422365
-0.421795
-0.421226
-0.420656
-0.420086
-0.419515
-0.418945
-0.418374
-0.417804
-0.417233
-0.416662
-0.41609
-0.415519
-0.414947
-0.414376
-0.413804
-0.413232
-0.412659
-0.412087
-0.411514
-0.410942
-0.410369
-0.409796
-0.409222
-0.408649
-0.408075
-0.407502
-0.406928
-0.406354
-0.40578
-0.405205
-0.404631
-0.404056
-0.403481
-0.402906
-0.402331
-0.401756
-0.40118
-0.400605
-0.400029
-0.399453
-0.398877
-0.398301
-0.397724
-0.397148
-0.396571
-0.395994
-0.395417
-0.39484
-0.394263
-0.393685
-0.393107
-0.39253
-0.391952
-0.391374
-0.390795
-0.390217
-0.389638
-0.38906
-0.388481
-0.387902
-0.387322
-0.386743
-0.386164
-0.385584
-0.385004
-0.384424
-0.383844
-0.383264
-0.382683
-0.382103
-0.381522
-0.380941
-0.38036
-0.379779
-0.379198
-0.378616
-0.378035
-0.377453
-0.376871
-0.376289
-0.375707
-0.375124
-0.374542
-0.373959
-0.373376
-0.372793
-0.37221
-0.371627
-0.371044
-0.37046
-0.369876
-0.369293
-0.368709
-0.368124
-0.36754
-0.366956
-0.366371
-0.365787
-0.365202
-0.364617
-0.364032
-0.363446
-0.362861
-0.362275
-0.36169
-0.361104
-0.360518
-0.359932
-0.359345
-0.358759
-0.358172
-0.357586
-0.356999
-0.356412
-0.355825
-0.355237
-0.35465
-0.354062
-0.353475
-0.352887
-0.352299
-0.351711
-0.351123
-0.350534
-0.349946
-0.349357
-0.348768
-0.348179
-0.34759
-0.347001
-0.346412
-0.345822
-0.345233
-0.344643
-0.344053
-0.343463
-0.342873
-0.342282
-0.341692
-0.341101
-0.340511
-0.33992
-0.339329
-0.338738
-0.338147
-0.337555
-0.336964
-0.336372
-0.33578
-0.335188
-0.334596
-0.334004
-0.333412
-0.332819
-0.332227
-0.331634
-0.331041
-0.330448
-0.329855
-0.329262
-0.328669
-0.328075
-0.327482
-0.326888
-0.326294
-0.3257
-0.325106
-0.324512
-0.323917
-0.323323
-0.322728
-0.322133
-0.321539
-0.320944
-0.320348
-0.319753
-0.319158
-0.318562
-0.317967
-0.317371
-0.316775
-0.316179
-0.315583
-0.314986
-0.31439
-0.313794
-0.313197
-0.3126
-0.312003
-0.311406
-0.310809
-0.310212
-0.309614
-0.309017
-0.308419
-0.307822
-0.307224
-0.306626
-0.306028
-0.305429
-0.304831
-0.304233
-0.303634
-0.303035
-0.302436
-0.301837
-0.301238
-0.300639
-0.30004
-0.29944
-0.298841
-0.298241
-0.297641
-0.297042
-0.296442
-0.295841
-0.295241
-0.294641
-0.29404
-0.29344
-0.292839
-0.292238
-0.291637
-0.291036
-0.290435
-0.289834
-0.289232
-0.288631
-0.288029
-0.287427
-0.286825
-0.286223
-0.285621
-0.285019
-0.284417
-0.283814
-0.283212
-0.282609
-0.282007
-0.281404
-0.280801
-0.280198
-0.279594
-0.278991
-0.278388
-0.277784
-0.27718
-0.276577
-0.275973
-0.275369
-0.274765
-0.274161
-0.273556
-0.272952
-0.272347
-0.271743
-0.271138
-0.270533
-0.269928
-0.269323
-0.268718
-0.268113
-0.267507
-0.266902
-0.266296
-0.265691
-0.265085
-0.264479
-0.263873
-0.263267
-0.262661
-0.262054
-0.261448
-0.260841
-0.260235
-0.259628
-0.259021
-0.258414
-0.257807
-0.2572
-0.256593
-0.255986
-0.255378
-0.254771
-0.254163
-0.253555
-0.252947
-0.25234
-0.251731
-0.251123
-0.250515
-0.249907
-0.249298
-0.24869
-0.248081
-0.247472
-0.246864
-0.246255
-0.245646
-0.245037
-0.244427
-0.243818
-0.243209
-0.242599
-0.24199
-0.24138
-0.24077
-0.24016
-0.23955
-0.23894
-0.23833
-0.23772
-0.237109
-0.236499
-0.235888
-0.235278
-0.234667
-0.234056
-0.233445
-0.232834
-0.232223
-0.231612
-0.231001
-0.230389
-0.229778
-0.229166
-0.228555
-0.227943
-0.227331
-0.226719
-0.226107
-0.225495
-0.224883
-0.224271
-0.223658
-0.223046
-0.222433
-0.221821
-0.221208
-0.220595
-0.219982
-0.219369
-0.218756
-0.218143
-0.21753
-0.216917
-0.216303
-0.21569
-0.215076
-0.214463
-0.213849
-0.213235
-0.212621
-0.212007
-0.211393
-0.210779
-0.210165
-0.20955
-0.208936
-0.208321
-0.207707
-0.207092
-0.206477
-0.205863
-0.205248
-0.204633
-0.204018
-0.203402
-0.202787
-0.202172
-0.201557
-0.200941
-0.200326
-0.19971
-0.199094
-0.198478
-0.197863
-0.197247
-0.196631
-0.196015
-0.195398
-0.194782
-0.194166
-0.193549
-0.192933
-0.192316
-0.1917
-0.191083
-0.190466
-0.189849
-0.189232
-0.188615
-0.187998
-0.187381
-0.186764
-0.186147
-0.185529
-0.184912
-0.184294
-0.183677
-0.183059
-0.182441
-0.181824
-0.181206
-0.180588
-0.17997
-0.179352
-0.178733
-0.178115
-0.177497
-0.176879
-0.17626
-0.175642
-0.175023
-0.174404
-0.173786
-0.173167
-0.172548
-0.171929
-0.17131
-0.170691
-0.170072
-0.169453
-0.168833
-0.168214
-0.167595
-0.166975
-0.166356
-0.165736
-0.165116
-0.164497
-0.163877
-0.163257
-0.162637
-0.162017
-0.161397
-0.160777
-0.160157
-0.159537
-0.158916
-0.158296
-0.157675
-0.157055
-0.156434
-0.155814
-0.155193
-0.154572
-0.153952
-0.153331
-0.15271
-0.152089
-0.151468
-0.150847
-0.150226
-0.149604
-0.148983
-0.148362
-0.14774
-0.147119
-0.146497
-0.145876
-0.145254
-0.144632
-0.144011
-0.143389
-0.142767
-0.142145
-0.141523
-0.140901
-0.140279
-0.139657
-0.139035
-0.138413
-0.13779
-0.137168
-0.136545
-0.135923
-0.135301
-0.134678
-0.134055
-0.133433
-0.13281
-0.132187
-0.131564
-0.130941
-0.130318
-0.129696
-0.129072
-0.128449
-0.127826
-0.127203
-0.12658
-0.125957
-0.125333
-0.12471
-0.124086
-0.123463
-0.122839
-0.122216
-0.121592
-0.120968
-0.120345
-0.119721
-0.119097
-0.118473
-0.117849
-0.117225
-0.116601
-0.115977
-0.115353
-0.114729
-0.114105
-0.113481
-0.112856
-0.112232
-0.111608
-0.110983
-0.110359
-0.109734
-0.10911
-0.108485
-0.10786
-0.107236
-0.106611
-0.105986
-0.105362
-0.104737
-0.104112
-0.103487
-0.102862
-0.102237
-0.101612
-0.100987
-0.100362
-0.0997365
-0.0991113
-0.098486
-0.0978608
-0.0972354
-0.0966101
-0.0959847
-0.0953592
-0.0947338
-0.0941083
-0.0934827
-0.0928571
-0.0922315
-0.0916058
-0.0909802
-0.0903544
-0.0897287
-0.0891029
-0.088477
-0.0878511
-0.0872252
-0.0865993
-0.0859733
-0.0853473
-0.0847213
-0.0840952
-0.0834691
-0.0828429
-0.0822168
-0.0815906
-0.0809643
-0.0803381
-0.0797117
-0.0790854
-0.078459
-0.0778326
-0.0772062
-0.0765798
-0.0759533
-0.0753268
-0.0747002
-0.0740736
-0.073447
-0.0728204
-0.0721937
-0.071567
-0.0709403
-0.0703136
-0.0696868
-0.06906
-0.0684331
-0.0678063
-0.0671794
-0.0665525
-0.0659255
-0.0652986
-0.0646716
-0.0640446
-0.0634175
-0.0627905
-0.0621634
-0.0615363
-0.0609091
-0.060282
-0.0596548
-0.0590276
-0.0584003
-0.0577731
-0.0571458
-0.0565185
-0.0558912
-0.0552638
-0.0546364
-0.0540091
-0.0533816
-0.0527542
-0.0521268
-0.0514993
-0.0508718
-0.0502443
-0.0496167
-0.0489892
-0.0483616
-0.047734
-0.0471064
-0.0464788
-0.0458511
-0.0452235
-0.0445958
-0.0439681
-0.0433404
-0.0427126
-0.0420849
-0.0414571
-0.0408293
-0.0402015
-0.0395737
-0.0389459
-0.038318
-0.0376901
-0.0370623
-0.0364344
-0.0358065
-0.0351785
-0.0345506
-0.0339226
-0.0332947
-0.0326667
-0.0320387
-0.0314107
-0.0307827
-0.0301547
-0.0295266
-0.0288986
-0.0282705
-0.0276424
-0.0270144
-0.0263863
-0.0257582
-0.0251301
-0.0245019
-0.0238738
-0.0232456
-0.0226175
-0.0219893
-0.0213612
-0.020733
-0.0201048
-0.0194766
-0.0188484
-0.0182202
-0.017592
-0.0169637
-0.0163355
-0.0157073
-0.015079
-0.0144508
-0.0138225
-0.0131943
-0.012566
-0.0119377
-0.0113094
-0.0106812
-0.0100529
-0.00942459
-0.0087963
-0.00816801
-0.00753971
-0.0069114
-0.0062831
-0.00565479
-0.00502648
-0.00439817
-0.00376986
-0.00314154
-0.00251323
-0.00188491
-0.00125659
-0.000628275
4.36156e-08
0.000628362
0.00125668
0.001885
0.00251331
0.00314163
0.00376995
0.00439826
0.00502657
0.00565488
0.00628319
0.00691149
0.00753979
0.00816809
0.00879639
0.00942468
0.010053
0.0106813
0.0113095
0.0119378
0.0125661
0.0131943
0.0138226
0.0144509
0.0150791
0.0157074
0.0163356
0.0169638
0.0175921
0.0182203
0.0188485
0.0194767
0.0201049
0.0207331
0.0213612
0.0219894
0.0226176
0.0232457
0.0238739
0.024502
0.0251301
0.0257583
0.0263864
0.0270145
0.0276425
0.0282706
0.0288987
0.0295267
0.0301548
0.0307828
0.0314108
0.0320388
0.0326668
0.0332948
0.0339227
0.0345507
0.0351786
0.0358065
0.0364345
0.0370623
0.0376902
0.0383181
0.0389459
0.0395738
0.0402016
0.0408294
0.0414572
0.0420849
0.0427127
0.0433404
0.0439682
0.0445959
0.0452235
0.0458512
0.0464789
0.0471065
0.0477341
0.0483617
0.0489893
0.0496168
0.0502444
0.0508719
0.0514994
0.0521268
0.0527543
0.0533817
0.0540091
0.0546365
0.0552639
0.0558912
0.0565186
0.0571459
0.0577732
0.0584004
0.0590276
0.0596549
0.060282
0.0609092
0.0615364
0.0621635
0.0627906
0.0634176
0.0640447
0.0646717
0.0652987
0.0659256
0.0665526
0.0671795
0.0678064
0.0684332
0.0690601
0.0696869
0.0703136
0.0709404
0.0715671
0.0721938
0.0728205
0.0734471
0.0740737
0.0747003
0.0753268
0.0759534
0.0765799
0.0772063
0.0778327
0.0784591
0.0790855
0.0797118
0.0803381
0.0809644
0.0815906
0.0822169
0.082843
0.0834692
0.0840953
0.0847214
0.0853474
0.0859734
0.0865994
0.0872253
0.0878512
0.0884771
0.0891029
0.0897287
0.0903545
0.0909802
0.0916059
0.0922316
0.0928572
0.0934828
0.0941084
0.0947339
0.0953593
0.0959848
0.0966102
0.0972355
0.0978609
0.0984861
0.0991114
0.0997366
0.100362
0.100987
0.101612
0.102237
0.102862
0.103487
0.104112
0.104737
0.105362
0.105986
0.106611
0.107236
0.107861
0.108485
0.10911
0.109734
0.110359
0.110983
0.111608
0.112232
0.112856
0.113481
0.114105
0.114729
0.115353
0.115977
0.116601
0.117225
0.117849
0.118473
0.119097
0.119721
0.120345
0.120969
0.121592
0.122216
0.122839
0.123463
0.124086
0.12471
0.125333
0.125957
0.12658
0.127203
0.127826
0.128449
0.129073
0.129696
0.130319
0.130942
0.131564
0.132187
0.13281
0.133433
0.134055
0.134678
0.135301
0.135923
0.136546
0.137168
0.13779
0.138413
0.139035
0.139657
0.140279
0.140901
0.141523
0.142145
0.142767
0.143389
0.144011
0.144633
0.145254
0.145876
0.146497
0.147119
0.14774
0.148362
0.148983
0.149604
0.150226
0.150847
0.151468
0.152089
0.15271
0.153331
0.153952
0.154572
0.155193
0.155814
0.156434
0.157055
0.157676
0.158296
0.158916
0.159537
0.160157
0.160777
0.161397
0.162017
0.162637
0.163257
0.163877
0.164497
0.165116
0.165736
0.166356
0.166975
0.167595
0.168214
0.168833
0.169453
0.170072
0.170691
0.17131
0.171929
0.172548
0.173167
0.173786
0.174404
0.175023
0.175642
0.17626
0.176879
0.177497
0.178115
0.178734
0.179352
0.17997
0.180588
0.181206
0.181824
0.182441
0.183059
0.183677
0.184294
0.184912
0.185529
0.186147
0.186764
0.187381
0.187998
0.188616
0.189233
0.18985
0.190466
0.191083
0.1917
0.192316
0.192933
0.193549
0.194166
0.194782
0.195398
0.196015
0.196631
0.197247
0.197863
0.198479
0.199094
0.19971
0.200326
0.200941
0.201557
0.202172
0.202787
0.203403
0.204018
0.204633
0.205248
0.205863
0.206477
0.207092
0.207707
0.208321
0.208936
0.20955
0.210165
0.210779
0.211393
0.212007
0.212621
0.213235
0.213849
0.214463
0.215076
0.21569
0.216303
0.216917
0.21753
0.218143
0.218756
0.219369
0.219982
0.220595
0.221208
0.221821
0.222433
0.223046
0.223658
0.224271
0.224883
0.225495
0.226107
0.226719
0.227331
0.227943
0.228555
0.229166
0.229778
0.230389
0.231001
0.231612
0.232223
0.232834
0.233445
0.234056
0.234667
0.235278
0.235888
0.236499
0.237109
0.23772
0.23833
0.23894
0.23955
0.24016
0.24077
0.24138
0.24199
0.242599
0.243209
0.243818
0.244427
0.245037
0.245646
0.246255
0.246864
0.247473
0.248081
0.24869
0.249298
0.249907
0.250515
0.251123
0.251732
0.25234
0.252948
0.253555
0.254163
0.254771
0.255378
0.255986
0.256593
0.2572
0.257807
0.258414
0.259021
0.259628
0.260235
0.260842
0.261448
0.262054
0.262661
0.263267
0.263873
0.264479
0.265085
0.265691
0.266296
0.266902
0.267507
0.268113
0.268718
0.269323
0.269928
0.270533
0.271138
0.271743
0.272347
0.272952
0.273556
0.274161
0.274765
0.275369
0.275973
0.276577
0.277181
0.277784
0.278388
0.278991
0.279594
0.280198
0.280801
0.281404
0.282007
0.282609
0.283212
0.283815
0.284417
0.285019
0.285621
0.286224
0.286826
0.287427
0.288029
0.288631
0.289232
0.289834
0.290435
0.291036
0.291637
0.292238
0.292839
0.29344
0.29404
0.294641
0.295241
0.295841
0.296442
0.297042
0.297642
0.298241
0.298841
0.299441
0.30004
0.300639
0.301238
0.301838
0.302436
0.303035
0.303634
0.304233
0.304831
0.305429
0.306028
0.306626
0.307224
0.307822
0.308419
0.309017
0.309615
0.310212
0.310809
0.311406
0.312003
0.3126
0.313197
0.313794
0.31439
0.314987
0.315583
0.316179
0.316775
0.317371
0.317967
0.318562
0.319158
0.319753
0.320348
0.320944
0.321539
0.322134
0.322728
0.323323
0.323917
0.324512
0.325106
0.3257
0.326294
0.326888
0.327482
0.328075
0.328669
0.329262
0.329855
0.330449
0.331041
0.331634
0.332227
0.33282
0.333412
0.334004
0.334596
0.335189
0.33578
0.336372
0.336964
0.337555
0.338147
0.338738
0.339329
0.33992
0.340511
0.341102
0.341692
0.342283
0.342873
0.343463
0.344053
0.344643
0.345233
0.345822
0.346412
0.347001
0.34759
0.348179
0.348768
0.349357
0.349946
0.350534
0.351123
0.351711
0.352299
0.352887
0.353475
0.354063
0.35465
0.355238
0.355825
0.356412
0.356999
0.357586
0.358172
0.358759
0.359345
0.359932
0.360518
0.361104
0.36169
0.362275
0.362861
0.363446
0.364032
0.364617
0.365202
0.365787
0.366371
0.366956
0.36754
0.368125
0.368709
0.369293
0.369877
0.37046
0.371044
0.371627
0.37221
0.372793
0.373376
0.373959
0.374542
0.375124
0.375707
0.376289
0.376871
0.377453
0.378035
0.378616
0.379198
0.379779
0.38036
0.380941
0.381522
0.382103
0.382683
0.383264
0.383844
0.384424
0.385004
0.385584
0.386164
0.386743
0.387323
0.387902
0.388481
0.38906
0.389638
0.390217
0.390795
0.391374
0.391952
0.39253
0.393108
0.393685
0.394263
0.39484
0.395417
0.395994
0.396571
0.397148
0.397724
0.398301
0.398877
0.399453
0.400029
0.400605
0.401181
0.401756
0.402331
0.402906
0.403481
0.404056
0.404631
0.405205
0.40578
0.406354
0.406928
0.407502
0.408076
0.408649
0.409222
0.409796
0.410369
0.410942
0.411514
0.412087
0.412659
0.413232
0.413804
0.414376
0.414947
0.415519
0.41609
0.416662
0.417233
0.417804
0.418374
0.418945
0.419515
0.420086
0.420656
0.421226
0.421796
0.422365
0.422935
0.423504
0.424073
0.424642
0.425211
0.425779
0.426348
0.426916
0.427484
0.428052
0.42862
0.429187
0.429755
0.430322
0.430889
0.431456
0.432023
0.432589
0.433156
0.433722
0.434288
0.434854
0.43542
0.435985
0.436551
0.437116
0.437681
0.438246
0.43881
0.439375
0.439939
0.440503
0.441067
0.441631
0.442195
0.442758
0.443322
0.443885
0.444448
0.44501
0.445573
0.446135
0.446698
0.44726
0.447822
0.448383
0.448945
0.449506
0.450067
0.450628
0.451189
0.45175
0.45231
0.45287
0.453431
0.453991
0.45455
0.45511
0.455669
0.456228
0.456787
0.457346
0.457905
0.458463
0.459022
0.45958
0.460138
0.460696
0.461253
0.461811
0.462368
0.462925
0.463482
0.464038
0.464595
0.465151
0.465707
0.466263
0.466819
0.467374
0.46793
0.468485
0.46904
0.469595
0.470149
0.470704
0.471258
0.471812
0.472366
0.47292
0.473473
0.474027
0.47458
0.475133
0.475686
0.476238
0.476791
0.477343
0.477895
0.478447
0.478998
0.47955
0.480101
0.480652
0.481203
0.481754
0.482304
0.482855
0.483405
0.483955
0.484504
0.485054
0.485603
0.486152
0.486701
0.48725
0.487799
0.488347
0.488895
0.489443
0.489991
0.490539
0.491086
0.491633
0.492181
0.492727
0.493274
0.49382
0.494367
0.494913
0.495459
0.496004
0.49655
0.497095
0.49764
0.498185
0.49873
0.499274
0.499819
0.500363
0.500907
0.50145
0.501994
0.502537
0.50308
0.503623
0.504166
0.504708
0.505251
0.505793
0.506335
0.506877
0.507418
0.507959
0.508501
0.509041
0.509582
0.510123
0.510663
0.511203
0.511743
0.512283
0.512822
0.513362
0.513901
0.51444
0.514978
0.515517
0.516055
0.516593
0.517131
0.517669
0.518206
0.518743
0.51928
0.519817
0.520354
0.52089
0.521427
0.521963
0.522499
0.523034
0.52357
0.524105
0.52464
0.525175
0.525709
0.526244
0.526778
0.527312
0.527846
0.528379
0.528912
0.529446
0.529978
0.530511
0.531044
0.531576
0.532108
0.53264
0.533172
0.533703
0.534234
0.534765
0.535296
0.535827
0.536357
0.536887
0.537417
0.537947
0.538477
0.539006
0.539535
0.540064
0.540593
0.541121
0.54165
0.542178
0.542705
0.543233
0.54376
0.544288
0.544815
0.545341
0.545868
0.546394
0.54692
0.547446
0.547972
0.548498
0.549023
0.549548
0.550073
0.550597
0.551122
0.551646
0.55217
0.552694
0.553217
0.55374
0.554263
0.554786
0.555309
0.555831
0.556354
0.556876
0.557397
0.557919
0.55844
0.558961
0.559482
0.560003
0.560523
0.561044
0.561564
0.562083
0.562603
0.563122
0.563641
0.56416
0.564679
0.565197
0.565716
0.566234
0.566751
0.567269
0.567786
0.568303
0.56882
0.569337
0.569853
0.57037
0.570886
0.571401
0.571917
0.572432
0.572947
0.573462
0.573977
0.574491
0.575005
0.575519
0.576033
0.576546
0.57706
0.577573
0.578086
0.578598
0.57911
0.579623
0.580134
0.580646
0.581158
0.581669
0.58218
0.58269
0.583201
0.583711
0.584221
0.584731
0.585241
0.58575
0.586259
0.586768
0.587277
0.587785
0.588293
0.588801
0.589309
0.589817
0.590324
0.590831
0.591338
0.591844
0.592351
0.592857
0.593363
0.593868
0.594374
0.594879
0.595384
0.595889
0.596393
0.596897
0.597401
0.597905
0.598409
0.598912
0.599415
0.599918
0.60042
0.600923
0.601425
0.601927
0.602428
0.60293
0.603431
0.603932
0.604432
0.604933
0.605433
0.605933
0.606433
0.606932
0.607431
0.60793
0.608429
0.608928
0.609426
0.609924
0.610422
0.610919
0.611417
0.611914
0.61241
0.612907
0.613403
0.6139
0.614395
0.614891
0.615386
0.615882
0.616376
0.616871
0.617365
0.61786
0.618354
0.618847
0.619341
0.619834
0.620327
0.620819
0.621312
0.621804
0.622296
0.622788
0.623279
0.62377
0.624261
0.624752
0.625243
0.625733
0.626223
0.626713
0.627202
0.627691
0.62818
0.628669
0.629158
0.629646
0.630134
0.630622
0.631109
0.631596
0.632083
0.63257
0.633057
0.633543
0.634029
0.634515
0.635
0.635485
0.63597
0.636455
0.63694
0.637424
0.637908
0.638392
0.638875
0.639358
0.639841
0.640324
0.640807
0.641289
0.641771
0.642253
0.642734
0.643215
0.643696
0.644177
0.644657
0.645138
0.645618
0.646097
0.646577
0.647056
0.647535
0.648014
0.648492
0.64897
0.649448
0.649926
0.650403
0.65088
0.651357
0.651834
0.65231
0.652786
0.653262
0.653738
0.654213
0.654688
0.655163
0.655637
0.656112
0.656586
0.65706
0.657533
0.658006
0.658479
0.658952
0.659425
0.659897
0.660369
0.66084
0.661312
0.661783
0.662254
0.662725
0.663195
0.663665
0.664135
0.664605
0.665074
0.665543
0.666012
0.66648
0.666949
0.667417
0.667885
0.668352
0.668819
0.669286
0.669753
0.670219
0.670686
0.671151
0.671617
0.672083
0.672548
0.673013
0.673477
0.673941
0.674405
0.674869
0.675333
0.675796
0.676259
0.676722
0.677184
0.677646
0.678108
0.67857
0.679031
0.679493
0.679953
0.680414
0.680874
0.681334
0.681794
0.682254
0.682713
0.683172
0.683631
0.684089
0.684547
0.685005
0.685463
0.68592
0.686377
0.686834
0.68729
0.687747
0.688203
0.688658
0.689114
0.689569
0.690024
0.690479
0.690933
0.691387
0.691841
0.692294
0.692748
0.693201
0.693653
0.694106
0.694558
0.69501
0.695461
0.695913
0.696364
0.696815
0.697265
0.697715
0.698165
0.698615
0.699065
0.699514
0.699963
0.700411
0.700859
0.701308
0.701755
0.702203
0.70265
0.703097
0.703544
0.70399
0.704436
0.704882
0.705327
0.705773
0.706218
0.706662
0.707107
0.707551
0.707995
0.708438
0.708882
0.709325
0.709767
0.71021
0.710652
0.711094
0.711536
0.711977
0.712418
0.712859
0.713299
0.71374
0.71418
0.714619
0.715059
0.715498
0.715936
0.716375
0.716813
0.717251
0.717689
0.718126
0.718563
0.719
0.719437
0.719873
0.720309
0.720745
0.72118
0.721615
0.72205
0.722485
0.722919
0.723353
0.723787
0.72422
0.724653
0.725086
0.725519
0.725951
0.726383
0.726814
0.727246
0.727677
0.728108
0.728538
0.728969
0.729399
0.729828
0.730258
0.730687
0.731116
0.731544
0.731972
0.7324
0.732828
0.733255
0.733682
0.734109
0.734536
0.734962
0.735388
0.735813
0.736239
0.736664
0.737089
0.737513
0.737937
0.738361
0.738785
0.739208
0.739631
0.740054
0.740476
0.740898
0.74132
0.741742
0.742163
0.742584
0.743005
0.743425
0.743845
0.744265
0.744684
0.745104
0.745523
0.745941
0.746359
0.746777
0.747195
0.747613
0.74803
0.748447
0.748863
0.749279
0.749695
0.750111
0.750526
0.750941
0.751356
0.751771
0.752185
0.752599
0.753012
0.753426
0.753839
0.754251
0.754664
0.755076
0.755488
0.755899
0.75631
0.756721
0.757132
0.757542
0.757952
0.758362
0.758771
0.75918
0.759589
0.759998
0.760406
0.760814
0.761221
0.761629
0.762036
0.762443
0.762849
0.763255
0.763661
0.764066
0.764472
0.764876
0.765281
0.765685
0.766089
0.766493
0.766896
0.767299
0.767702
0.768105
0.768507
0.768909
0.76931
0.769712
0.770113
0.770513
0.770914
0.771314
0.771713
0.772113
0.772512
0.772911
0.773309
0.773708
0.774105
0.774503
0.7749
0.775297
0.775694
0.77609
0.776487
0.776882
0.777278
0.777673
0.778068
0.778462
0.778857
0.77925
0.779644
0.780037
0.78043
0.780823
0.781215
0.781608
0.781999
0.782391
0.782782
0.783173
0.783563
0.783954
0.784343
0.784733
0.785122
0.785511
0.7859
0.786288
0.786676
0.787064
0.787452
0.787839
0.788226
0.788612
0.788998
0.789384
0.78977
0.790155
0.79054
0.790925
0.791309
0.791693
0.792077
0.79246
0.792843
0.793226
0.793608
0.79399
0.794372
0.794754
0.795135
0.795516
0.795896
0.796277
0.796657
0.797036
0.797415
0.797794
0.798173
0.798551
0.79893
0.799307
0.799685
0.800062
0.800439
0.800815
0.801191
0.801567
0.801942
0.802318
0.802693
0.803067
0.803441
0.803815
0.804189
0.804562
0.804935
0.805308
0.80568
0.806052
0.806424
0.806795
0.807166
0.807537
0.807908
0.808278
0.808648
0.809017
0.809386
0.809755
0.810123
0.810492
0.81086
0.811227
0.811594
0.811961
0.812328
0.812694
0.81306
0.813426
0.813791
0.814156
0.814521
0.814885
0.815249
0.815613
0.815976
0.816339
0.816702
0.817064
0.817426
0.817788
0.81815
0.818511
0.818872
0.819232
0.819592
0.819952
0.820312
0.820671
0.82103
0.821388
0.821746
0.822104
0.822462
0.822819
0.823176
0.823533
0.823889
0.824245
0.8246
0.824956
0.825311
0.825665
0.82602
0.826374
0.826727
0.827081
0.827434
0.827786
0.828139
0.828491
0.828842
0.829194
0.829545
0.829895
0.830246
0.830596
0.830946
0.831295
0.831644
0.831993
0.832341
0.832689
0.833037
0.833385
0.833732
0.834078
0.834425
0.834771
0.835117
0.835462
0.835807
0.836152
0.836497
0.836841
0.837185
0.837528
0.837871
0.838214
0.838556
0.838899
0.83924
0.839582
0.839923
0.840264
0.840604
0.840945
0.841284
0.841624
0.841963
0.842302
0.84264
0.842979
0.843316
0.843654
0.843991
0.844328
0.844664
0.845001
0.845336
0.845672
0.846007
0.846342
0.846676
0.847011
0.847344
0.847678
0.848011
0.848344
0.848676
0.849009
0.84934
0.849672
0.850003
0.850334
0.850664
0.850994
0.851324
0.851654
0.851983
0.852312
0.85264
0.852968
0.853296
0.853624
0.853951
0.854277
0.854604
0.85493
0.855256
0.855581
0.855906
0.856231
0.856555
0.85688
0.857203
0.857527
0.85785
0.858172
0.858495
0.858817
0.859139
0.85946
0.859781
0.860102
0.860422
0.860742
0.861062
0.861381
0.8617
0.862019
0.862337
0.862655
0.862973
0.86329
0.863607
0.863923
0.86424
0.864556
0.864871
0.865186
0.865501
0.865816
0.86613
0.866444
0.866757
0.867071
0.867384
0.867696
0.868008
0.86832
0.868632
0.868943
0.869253
0.869564
0.869874
0.870184
0.870493
0.870802
0.871111
0.871419
0.871727
0.872035
0.872342
0.872649
0.872956
0.873262
0.873568
0.873874
0.874179
0.874484
0.874789
0.875093
0.875397
0.875701
0.876004
0.876307
0.876609
0.876911
0.877213
0.877515
0.877816
0.878117
0.878417
0.878717
0.879017
0.879316
0.879615
0.879914
0.880212
0.88051
0.880808
0.881105
0.881402
0.881699
0.881995
0.882291
0.882587
0.882882
0.883177
0.883471
0.883766
0.884059
0.884353
0.884646
0.884939
0.885231
0.885523
0.885815
0.886107
0.886398
0.886688
0.886979
0.887269
0.887558
0.887847
0.888136
0.888425
0.888713
0.889001
0.889289
0.889576
0.889863
0.890149
0.890435
0.890721
0.891007
0.891292
0.891576
0.891861
0.892145
0.892428
0.892712
0.892995
0.893277
0.89356
0.893841
0.894123
0.894404
0.894685
0.894965
0.895246
0.895525
0.895805
0.896084
0.896363
0.896641
0.896919
0.897197
0.897474
0.897751
0.898028
0.898304
0.89858
0.898855
0.89913
0.899405
0.89968
0.899954
0.900228
0.900501
0.900774
0.901047
0.901319
0.901591
0.901863
0.902134
0.902405
0.902675
0.902946
0.903215
0.903485
0.903754
0.904023
0.904291
0.904559
0.904827
0.905094
0.905361
0.905628
0.905894
0.90616
0.906426
0.906691
0.906956
0.90722
0.907484
0.907748
0.908012
0.908275
0.908537
0.9088
0.909062
0.909323
0.909585
0.909845
0.910106
0.910366
0.910626
0.910885
0.911145
0.911403
0.911662
0.91192
0.912177
0.912435
0.912692
0.912948
0.913204
0.91346
0.913716
0.913971
0.914226
0.91448
0.914734
0.914988
0.915241
0.915494
0.915747
0.915999
0.916251
0.916502
0.916754
0.917004
0.917255
0.917505
0.917755
0.918004
0.918253
0.918502
0.91875
0.918998
0.919245
0.919492
0.919739
0.919986
0.920232
0.920478
0.920723
0.920968
0.921213
0.921457
0.921701
0.921944
0.922187
0.92243
0.922673
0.922915
0.923157
0.923398
0.923639
0.92388
0.92412
0.92436
0.924599
0.924838
0.925077
0.925316
0.925554
0.925791
0.926029
0.926266
0.926502
0.926739
0.926974
0.92721
0.927445
0.92768
0.927914
0.928148
0.928382
0.928615
0.928848
0.929081
0.929313
0.929545
0.929776
0.930008
0.930238
0.930469
0.930699
0.930928
0.931158
0.931387
0.931615
0.931843
0.932071
0.932299
0.932526
0.932752
0.932979
0.933205
0.93343
0.933655
0.93388
0.934105
0.934329
0.934553
0.934776
0.934999
0.935222
0.935444
0.935666
0.935887
0.936109
0.936329
0.93655
0.93677
0.93699
0.937209
0.937428
0.937646
0.937865
0.938083
0.9383
0.938517
0.938734
0.93895
0.939166
0.939382
0.939597
0.939812
0.940026
0.940241
0.940454
0.940668
0.940881
0.941093
0.941306
0.941518
0.941729
0.94194
0.942151
0.942361
0.942572
0.942781
0.942991
0.943199
0.943408
0.943616
0.943824
0.944031
0.944239
0.944445
0.944652
0.944857
0.945063
0.945268
0.945473
0.945678
0.945882
0.946085
0.946289
0.946492
0.946694
0.946896
0.947098
0.9473
0.947501
0.947702
0.947902
0.948102
0.948301
0.948501
0.9487
0.948898
0.949096
0.949294
0.949491
0.949688
0.949885
0.950081
0.950277
0.950472
0.950667
0.950862
0.951056
0.95125
0.951444
0.951637
0.95183
0.952023
0.952215
0.952406
0.952598
0.952789
0.952979
0.95317
0.953359
0.953549
0.953738
0.953927
0.954115
0.954303
0.95449
0.954678
0.954865
0.955051
0.955237
0.955423
0.955608
0.955793
0.955978
0.956162
0.956346
0.956529
0.956712
0.956895
0.957077
0.957259
0.95744
0.957622
0.957802
0.957983
0.958163
0.958342
0.958522
0.958701
0.958879
0.959057
0.959235
0.959412
0.959589
0.959766
0.959942
0.960118
0.960294
0.960469
0.960643
0.960818
0.960992
0.961165
0.961339
0.961511
0.961684
0.961856
0.962028
0.962199
0.96237
0.96254
0.962711
0.96288
0.96305
0.963219
0.963387
0.963556
0.963724
0.963891
0.964058
0.964225
0.964391
0.964557
0.964723
0.964888
0.965053
0.965218
0.965382
0.965545
0.965709
0.965872
0.966034
0.966196
0.966358
0.96652
0.966681
0.966841
0.967001
0.967161
0.967321
0.96748
0.967639
0.967797
0.967955
0.968113
0.96827
0.968427
0.968583
0.968739
0.968895
0.96905
0.969205
0.96936
0.969514
0.969668
0.969821
0.969974
0.970127
0.970279
0.970431
0.970582
0.970733
0.970884
0.971034
0.971184
0.971334
0.971483
0.971632
0.97178
0.971928
0.972076
0.972223
0.97237
0.972516
0.972662
0.972808
0.972954
0.973098
0.973243
0.973387
0.973531
0.973674
0.973817
0.97396
0.974102
0.974244
0.974386
0.974527
0.974668
0.974808
0.974948
0.975087
0.975227
0.975365
0.975504
0.975642
0.975779
0.975917
0.976054
0.97619
0.976326
0.976462
0.976597
0.976732
0.976867
0.977001
0.977135
0.977268
0.977401
0.977534
0.977666
0.977798
0.977929
0.97806
0.978191
0.978321
0.978451
0.978581
0.97871
0.978839
0.978967
0.979095
0.979223
0.97935
0.979477
0.979603
0.979729
0.979855
0.97998
0.980105
0.98023
0.980354
0.980478
0.980601
0.980724
0.980846
0.980969
0.98109
0.981212
0.981333
0.981454
0.981574
0.981694
0.981813
0.981932
0.982051
0.982169
0.982287
0.982405
0.982522
0.982639
0.982755
0.982871
0.982987
0.983102
0.983217
0.983331
0.983445
0.983559
0.983672
0.983785
0.983897
0.98401
0.984121
0.984233
0.984344
0.984454
0.984564
0.984674
0.984783
0.984892
0.985001
0.985109
0.985217
0.985325
0.985432
0.985538
0.985645
0.98575
0.985856
0.985961
0.986066
0.98617
0.986274
0.986378
0.986481
0.986584
0.986686
0.986788
0.98689
0.986991
0.987092
0.987192
0.987292
0.987392
0.987491
0.98759
0.987688
0.987786
0.987884
0.987981
0.988078
0.988175
0.988271
0.988367
0.988462
0.988557
0.988652
0.988746
0.98884
0.988933
0.989026
0.989119
0.989211
0.989303
0.989394
0.989485
0.989576
0.989666
0.989756
0.989846
0.989935
0.990024
0.990112
0.9902
0.990287
0.990375
0.990461
0.990548
0.990634
0.990719
0.990805
0.990889
0.990974
0.991058
0.991141
0.991225
0.991308
0.99139
0.991472
0.991554
0.991635
0.991716
0.991797
0.991877
0.991956
0.992036
0.992115
0.992193
0.992271
0.992349
0.992427
0.992504
0.99258
0.992656
0.992732
0.992808
0.992883
0.992957
0.993031
0.993105
0.993179
0.993252
0.993325
0.993397
0.993469
0.99354
0.993611
0.993682
0.993752
0.993822
0.993892
0.993961
0.99403
0.994098
0.994166
0.994234
0.994301
0.994368
0.994434
0.9945
0.994566
0.994631
0.994696
0.99476
0.994824
0.994888
0.994951
0.995014
0.995076
0.995138
0.9952
0.995261
0.995322
0.995383
0.995443
0.995503
0.995562
0.995621
0.995679
0.995738
0.995795
0.995853
0.99591
0.995966
0.996022
0.996078
0.996134
0.996189
0.996243
0.996297
0.996351
0.996405
0.996458
0.99651
0.996563
0.996614
0.996666
0.996717
0.996768
0.996818
0.996868
0.996917
0.996966
0.997015
0.997063
0.997111
0.997159
0.997206
0.997253
0.997299
0.997345
0.997391
0.997436
0.997481
0.997525
0.997569
0.997612
0.997656
0.997698
0.997741
0.997783
0.997825
0.997866
0.997907
0.997947
0.997987
0.998027
0.998066
0.998105
0.998143
0.998181
0.998219
0.998256
0.998293
0.99833
0.998366
0.998402
0.998437
0.998472
0.998506
0.99854
0.998574
0.998608
0.99864
0.998673
0.998705
0.998737
0.998768
0.998799
0.99883
0.99886
0.99889
0.998919
0.998948
0.998977
0.999005
0.999033
0.99906
0.999087
0.999114
0.99914
0.999166
0.999192
0.999217
0.999241
0.999266
0.999289
0.999313
0.999336
0.999359
0.999381
0.999403
0.999424
0.999446
0.999466
0.999487
0.999507
0.999526
0.999545
0.999564
0.999582
0.9996
0.999618
0.999635
0.999652
0.999668
0.999684
0.9997
0.999715
0.99973
0.999744
0.999758
0.999772
0.999785
0.999798
0.99981
0.999822
0.999834
0.999845
0.999856
0.999867
0.999877
0.999886
0.999896
0.999904
0.999913
0.999921
0.999929
0.999936
0.999943
0.999949
0.999956
0.999961
0.999967
0.999972
0.999976
0.99998
0.999984
0.999987
0.99999
0.999993
0.999995
0.999997
0.999998
0.999999
1
1
